id_usuario_compra; id_forma_pagamento; data_compra;	total_compra
1; 1; 2020-06-21 06:31:26; 368.0	
2; 5; 2020-03-04 22:06:44; 307.0
3; 1; 2020-06-12 21:05:45; 782.0
4; 4; 2019-05-09 13:23:43; 536.0
5; 2; 2020-05-18 09:44:31; 507.0
6; 2; 2019-07-21 01:37:39; 222.0
7; 1; 2019-08-29 09:18:29; 479.0
8; 1; 2020-11-28 03:57:19; 566.0
9; 2; 2019-11-30 06:26:45; 364.0
10; 4; 2020-02-28 10:33:05; 457.0
11; 5; 2020-09-02 16:47:34; 462.0
12; 2; 2021-02-03 06:19:19; 542.0
13; 1; 2019-10-20 07:51:47; 664.0
14; 1; 2021-03-16 13:12:25; 538.0
15; 1; 2019-07-09 01:00:03; 596.0
16; 1; 2020-04-18 00:49:13; 744.0
17; 5; 2020-10-11 13:16:25; 501.0
18; 1; 2019-05-08 15:58:12; 652.0
19; 5; 2019-10-01 21:47:35; 368.0
20; 2; 2020-09-03 19:18:23; 547.0
21; 5; 2020-07-02 13:59:38; 266.0
22; 4; 2020-04-05 10:41:53; 734.0
23; 1; 2020-02-05 23:10:54; 548.0
24; 5; 2021-01-29 13:37:23; 523.0
25; 4; 2020-10-10 05:47:07; 684.0
26; 1; 2020-03-16 01:59:01; 398.0
27; 3; 2019-12-30 13:43:32; 590.0
28; 2; 2020-09-27 13:10:41; 457.0
29; 5; 2021-03-07 19:56:19; 443.0
30; 2; 2019-10-11 18:57:00; 513.0
31; 1; 2020-03-23 05:01:32; 601.0
32; 5; 2019-07-11 18:05:44; 420.0
33; 4; 2019-12-04 02:30:02; 576.0
34; 2; 2020-02-13 10:44:14; 364.0
35; 2; 2019-04-30 14:25:34; 585.0
36; 3; 2020-10-14 06:06:08; 869.0
37; 3; 2019-12-13 04:59:01; 552.0
38; 2; 2019-10-14 03:37:37; 600.0
39; 2; 2019-04-01 06:15:23; 506.0
40; 1; 2020-08-09 18:56:11; 561.0
41; 5; 2020-08-19 11:34:17; 459.0
42; 1; 2020-11-17 22:14:59; 716.0
43; 4; 2021-01-14 19:18:01; 462.0
44; 1; 2020-02-24 12:31:47; 788.0
45; 1; 2020-03-28 10:54:14; 318.0
46; 1; 2019-04-19 04:55:08; 511.0
47; 5; 2020-06-28 12:34:54; 352.0
48; 5; 2019-06-20 15:21:10; 483.0
49; 3; 2019-04-01 22:36:34; 746.0
50; 3; 2020-10-22 06:13:53; 442.0
51; 3; 2020-01-25 11:01:07; 420.0
52; 2; 2021-02-10 07:24:37; 684.0
53; 1; 2019-06-11 05:25:18; 318.0
54; 5; 2019-10-08 22:53:23; 430.0
55; 5; 2019-08-31 12:09:01; 340.0
56; 4; 2020-11-16 07:40:21; 483.0
57; 4; 2021-03-16 22:24:20; 447.0
58; 2; 2020-04-01 11:37:49; 349.0
59; 5; 2019-06-10 21:20:15; 605.0
60; 3; 2021-02-16 11:41:17; 471.0
61; 2; 2020-07-15 04:16:13; 566.0
62; 3; 2019-11-06 15:31:18; 583.0
63; 1; 2020-06-12 17:32:15; 527.0
64; 4; 2019-04-27 00:27:28; 657.0
65; 4; 2019-10-25 19:03:39; 438.0
66; 2; 2020-10-08 20:43:55; 664.0
67; 5; 2020-06-03 11:47:05; 560.0
68; 1; 2019-09-26 14:24:37; 517.0
69; 3; 2019-03-25 23:51:43; 487.0
70; 1; 2021-03-20 04:05:01; 251.0
71; 2; 2020-02-10 10:59:04; 529.0
72; 4; 2019-11-06 02:37:39; 294.0
73; 4; 2019-04-22 10:39:24; 291.0
74; 3; 2019-08-19 23:14:32; 708.0
75; 1; 2020-08-03 22:29:50; 404.0
76; 2; 2020-12-25 17:58:35; 339.0
77; 3; 2020-06-30 17:29:32; 764.0
78; 3; 2020-07-07 08:56:21; 490.0
79; 5; 2019-08-14 15:45:46; 394.0
80; 3; 2019-06-28 12:21:05; 710.0
81; 5; 2020-09-05 02:50:33; 722.0
82; 3; 2021-02-13 18:54:44; 685.0
83; 5; 2019-04-01 19:38:35; 696.0
84; 1; 2020-01-15 16:11:53; 622.0
85; 2; 2020-03-17 20:36:34; 426.0
86; 1; 2020-09-27 14:15:54; 468.0
87; 2; 2019-06-23 19:39:26; 627.0
88; 1; 2019-05-21 07:51:59; 397.0
89; 5; 2019-06-13 11:06:37; 459.0
90; 4; 2019-08-27 22:43:59; 439.0
91; 4; 2020-01-19 07:05:10; 322.0
92; 2; 2020-12-23 02:59:22; 622.0
93; 5; 2020-03-30 19:32:22; 726.0
94; 3; 2020-02-29 19:47:12; 357.0
95; 5; 2019-12-31 13:00:07; 599.0
96; 3; 2020-05-10 21:42:12; 465.0
97; 3; 2020-05-19 16:28:38; 453.0
98; 5; 2019-05-05 10:01:12; 324.0
99; 1; 2020-01-17 22:21:48; 292.0
100; 4; 2020-07-10 10:59:23; 396.0
101; 3; 2019-05-21 05:42:33; 280.0
102; 1; 2019-09-04 03:56:51; 544.0
103; 3; 2019-06-01 21:36:51; 588.0
104; 1; 2019-12-31 02:14:31; 574.0
105; 2; 2020-09-26 06:07:36; 604.0
106; 3; 2019-06-22 09:06:54; 718.0
107; 5; 2020-02-05 22:16:56; 415.0
108; 5; 2019-12-22 17:42:01; 697.0
109; 4; 2020-01-24 22:07:16; 882.0
110; 4; 2019-03-29 11:57:20; 382.0
111; 1; 2019-05-26 09:02:37; 734.0
112; 4; 2020-03-21 12:41:36; 644.0
113; 2; 2020-04-08 04:34:03; 429.0
114; 3; 2020-11-21 18:53:34; 431.0
115; 3; 2021-03-02 13:49:14; 506.0
116; 5; 2021-01-19 14:44:52; 574.0
117; 1; 2020-05-17 07:19:11; 398.0
118; 4; 2020-04-21 13:48:54; 368.0
119; 3; 2020-07-09 18:55:16; 486.0
120; 5; 2020-08-02 15:24:57; 517.0
121; 2; 2020-12-13 04:38:23; 505.0
122; 5; 2019-09-10 21:39:08; 532.0
123; 3; 2019-10-23 00:36:47; 607.0
124; 4; 2019-05-30 11:12:37; 533.0
125; 1; 2019-06-26 15:41:45; 479.0
126; 3; 2020-09-22 19:14:00; 442.0
127; 2; 2020-09-22 11:32:28; 469.0
128; 3; 2019-09-08 11:24:33; 527.0
129; 5; 2021-03-16 17:21:12; 564.0
130; 4; 2020-08-30 08:18:32; 438.0
131; 4; 2021-02-15 20:55:27; 421.0
132; 3; 2020-05-22 04:41:12; 488.0
133; 5; 2020-12-14 04:06:21; 459.0
134; 5; 2020-10-04 04:10:48; 553.0
135; 5; 2020-04-27 11:59:49; 830.0
136; 2; 2021-03-15 16:37:50; 542.0
137; 2; 2021-03-02 05:17:16; 321.0
138; 2; 2019-06-16 06:38:38; 600.0
139; 1; 2019-09-21 18:18:21; 508.0
140; 4; 2020-12-26 04:49:58; 489.0
141; 1; 2020-10-23 05:15:30; 734.0
142; 4; 2020-11-05 08:30:56; 480.0
143; 5; 2020-10-06 01:50:43; 648.0
144; 1; 2020-01-19 19:09:49; 789.0
145; 4; 2019-07-26 07:49:03; 479.0
146; 5; 2020-06-13 11:36:41; 536.0
147; 1; 2019-06-29 02:47:23; 541.0
148; 4; 2019-06-21 03:47:41; 592.0
149; 5; 2019-10-27 19:58:35; 503.0
150; 1; 2020-01-28 00:15:30; 494.0
151; 5; 2020-05-06 18:32:13; 582.0
152; 1; 2020-01-30 21:45:04; 423.0
153; 3; 2020-12-25 09:11:41; 685.0
154; 4; 2020-09-24 08:45:22; 512.0
155; 2; 2019-05-09 00:55:41; 566.0
156; 3; 2019-11-04 22:40:33; 494.0
157; 3; 2019-05-15 16:05:11; 552.0
158; 1; 2020-09-24 21:13:30; 508.0
159; 1; 2020-06-04 12:39:56; 668.0
160; 3; 2021-01-31 18:21:58; 473.0
161; 2; 2019-07-11 10:33:30; 710.0
162; 4; 2020-08-24 00:26:40; 601.0
163; 4; 2020-01-02 09:15:07; 500.0
164; 5; 2020-04-28 17:16:14; 568.0
165; 5; 2019-08-17 22:12:14; 647.0
166; 2; 2020-11-03 17:14:38; 522.0
167; 5; 2020-08-01 10:37:22; 612.0
168; 5; 2019-12-07 00:17:08; 402.0
169; 4; 2019-07-15 15:06:59; 560.0
170; 4; 2020-04-17 07:08:17; 453.0
171; 3; 2020-05-26 18:08:35; 460.0
172; 1; 2020-12-02 12:47:59; 565.0
173; 5; 2020-12-11 21:16:02; 675.0
174; 5; 2021-02-09 19:37:57; 576.0
175; 4; 2019-08-17 04:29:08; 420.0
176; 2; 2020-01-09 03:51:41; 389.0
177; 3; 2021-02-06 20:01:19; 330.0
178; 3; 2019-05-27 02:17:06; 501.0
179; 4; 2020-12-07 18:33:22; 508.0
180; 2; 2020-11-11 17:14:56; 291.0
181; 1; 2020-02-19 14:02:45; 695.0
182; 5; 2019-08-12 14:53:59; 634.0
183; 2; 2019-11-11 06:20:05; 405.0
184; 5; 2019-12-15 10:14:10; 376.0
185; 3; 2019-08-03 08:09:58; 526.0
186; 2; 2019-08-05 03:18:15; 563.0
187; 2; 2020-01-06 14:44:42; 423.0
188; 4; 2020-09-03 16:42:55; 650.0
189; 3; 2019-05-24 23:42:37; 517.0
190; 1; 2019-09-05 23:07:46; 614.0
191; 4; 2021-03-13 21:41:12; 471.0
192; 2; 2020-10-20 18:08:37; 521.0
193; 2; 2020-11-02 10:05:21; 390.0
194; 1; 2019-08-10 09:30:32; 658.0
195; 5; 2020-03-10 03:39:33; 389.0
196; 2; 2019-07-24 18:52:34; 587.0
197; 2; 2019-09-27 00:58:43; 401.0
198; 4; 2019-08-30 10:31:19; 607.0
199; 1; 2021-01-26 12:25:02; 361.0
200; 4; 2020-09-25 23:33:00; 482.0
201; 4; 2020-08-24 12:04:08; 619.0
202; 2; 2019-04-21 10:41:20; 552.0
203; 3; 2021-01-05 09:23:20; 619.0
204; 1; 2020-06-24 18:59:35; 245.0
205; 3; 2019-07-10 11:43:24; 375.0
206; 4; 2019-10-22 10:47:59; 506.0
207; 1; 2020-10-14 10:04:02; 435.0
208; 5; 2019-12-30 11:20:03; 404.0
209; 1; 2020-11-24 21:56:15; 516.0
210; 2; 2020-01-10 18:07:04; 506.0
211; 4; 2020-08-09 08:16:09; 655.0
212; 2; 2020-02-26 22:12:44; 522.0
213; 5; 2019-03-30 19:32:02; 586.0
214; 4; 2019-10-13 18:09:10; 771.0
215; 3; 2020-09-18 18:02:04; 577.0
216; 5; 2020-06-09 00:50:52; 560.0
217; 3; 2020-04-07 12:18:21; 467.0
218; 1; 2019-09-04 16:51:12; 567.0
219; 5; 2019-08-25 01:01:24; 303.0
220; 4; 2021-01-20 01:45:17; 581.0
221; 1; 2020-07-12 14:05:36; 550.0
222; 4; 2019-07-25 03:47:14; 596.0
223; 1; 2021-01-07 07:51:01; 616.0
224; 1; 2019-12-24 12:40:31; 540.0
225; 1; 2019-06-08 23:41:59; 495.0
226; 3; 2020-05-24 09:20:23; 490.0
227; 2; 2020-06-02 21:40:56; 477.0
228; 2; 2019-09-24 02:28:37; 384.0
229; 3; 2020-01-17 10:10:36; 610.0
230; 3; 2020-09-06 17:56:54; 506.0
231; 3; 2020-08-02 08:52:39; 607.0
232; 1; 2020-06-22 22:11:50; 409.0
233; 4; 2019-10-01 05:41:30; 501.0
234; 2; 2021-03-16 12:37:05; 772.0
235; 2; 2020-03-17 11:53:43; 655.0
236; 2; 2019-06-13 05:02:25; 640.0
237; 5; 2019-07-24 08:58:35; 378.0
238; 5; 2019-10-03 00:17:04; 736.0
239; 2; 2020-12-05 23:16:25; 405.0
240; 4; 2019-09-28 02:04:17; 653.0
241; 5; 2020-08-19 11:41:56; 448.0
242; 1; 2019-09-01 22:10:40; 736.0
243; 5; 2019-11-24 13:58:19; 477.0
244; 5; 2021-01-20 17:17:10; 390.0
245; 3; 2020-02-23 03:49:32; 307.0
246; 1; 2020-01-10 01:42:02; 501.0
247; 4; 2019-11-27 07:08:50; 808.0
248; 2; 2019-04-22 12:47:54; 554.0
249; 1; 2021-02-12 01:36:51; 420.0
250; 3; 2020-10-17 11:24:54; 600.0
251; 1; 2019-06-18 19:32:23; 320.0
252; 5; 2020-11-12 05:41:37; 488.0
253; 5; 2019-05-04 16:54:20; 273.0
254; 1; 2020-10-25 13:51:39; 441.0
255; 4; 2021-03-15 23:59:39; 401.0
256; 3; 2020-06-29 17:35:20; 396.0
257; 2; 2019-11-10 08:17:29; 584.0
258; 3; 2020-03-12 05:00:45; 505.0
259; 3; 2020-06-13 16:09:55; 516.0
260; 2; 2019-07-09 03:43:03; 719.0
261; 5; 2019-05-31 14:17:15; 461.0
262; 5; 2019-08-05 21:38:17; 637.0
263; 3; 2020-09-13 05:10:32; 516.0
264; 1; 2019-05-21 16:28:37; 541.0
265; 3; 2020-07-06 20:24:22; 625.0
266; 1; 2019-07-13 05:11:59; 468.0
267; 5; 2020-08-12 08:15:51; 463.0
268; 2; 2021-02-23 01:21:07; 426.0
269; 2; 2020-08-14 09:33:48; 356.0
270; 1; 2021-02-03 03:16:03; 389.0
271; 4; 2021-03-13 07:09:46; 318.0
272; 2; 2020-05-05 11:31:15; 643.0
273; 2; 2019-11-09 16:44:49; 437.0
274; 1; 2020-11-03 17:32:12; 390.0
275; 5; 2021-01-30 17:38:26; 600.0
276; 1; 2021-01-21 21:18:28; 654.0
277; 1; 2019-09-16 21:29:42; 423.0
278; 5; 2020-05-01 08:39:37; 625.0
279; 2; 2020-03-11 23:33:17; 615.0
280; 4; 2019-09-14 13:11:37; 709.0
281; 1; 2021-02-17 05:06:49; 673.0
282; 1; 2020-01-23 08:34:45; 631.0
283; 1; 2021-01-05 13:12:28; 490.0
284; 5; 2020-03-08 12:00:38; 500.0
285; 2; 2020-03-12 21:09:11; 628.0
286; 2; 2021-02-16 09:01:26; 411.0
287; 5; 2020-05-20 03:14:00; 490.0
288; 4; 2019-05-23 05:58:48; 358.0
289; 3; 2020-03-27 11:29:38; 332.0
290; 5; 2019-11-03 05:41:36; 538.0
291; 5; 2020-05-27 09:21:28; 766.0
292; 1; 2021-01-26 09:01:03; 364.0
293; 5; 2020-12-15 18:04:49; 567.0
294; 5; 2021-01-22 16:18:18; 579.0
295; 2; 2020-05-27 23:22:39; 451.0
296; 3; 2020-03-02 13:43:37; 246.0
297; 4; 2020-03-21 01:09:28; 368.0
298; 2; 2020-07-03 18:38:43; 396.0
299; 1; 2020-09-19 20:04:18; 280.0
300; 5; 2019-08-02 04:03:46; 487.0
301; 3; 2020-10-24 07:24:42; 603.0
302; 3; 2020-11-02 19:11:13; 559.0
303; 5; 2021-03-17 22:35:47; 537.0
304; 3; 2019-11-21 18:48:29; 738.0
305; 4; 2021-01-04 03:36:27; 404.0
306; 1; 2021-02-17 20:23:36; 750.0
307; 2; 2019-08-12 10:55:57; 836.0
308; 4; 2019-08-28 11:22:49; 505.0
309; 1; 2019-04-02 02:57:45; 603.0
310; 4; 2019-10-17 08:07:08; 800.0
311; 5; 2020-03-30 17:39:47; 371.0
312; 3; 2020-05-06 05:32:40; 339.0
313; 3; 2019-08-21 07:28:15; 675.0
314; 5; 2020-10-23 01:59:00; 421.0
315; 5; 2020-12-26 01:55:23; 488.0
316; 1; 2019-08-04 21:37:42; 411.0
317; 4; 2021-01-12 14:11:54; 357.0
318; 3; 2019-07-23 13:45:02; 659.0
319; 3; 2019-07-09 09:47:25; 393.0
320; 3; 2019-11-25 02:56:52; 532.0
321; 1; 2020-02-07 10:26:47; 626.0
322; 3; 2019-08-25 11:04:02; 460.0
323; 3; 2019-07-04 03:29:30; 572.0
324; 4; 2019-08-25 13:15:53; 437.0
325; 2; 2021-03-11 21:32:15; 496.0
326; 3; 2020-01-14 15:39:35; 478.0
327; 2; 2020-04-08 04:23:40; 612.0
328; 1; 2019-05-02 08:07:47; 391.0
329; 4; 2019-04-11 11:49:10; 468.0
330; 2; 2019-09-01 18:24:13; 546.0
331; 1; 2019-03-20 19:14:53; 398.0
332; 4; 2020-08-17 06:58:39; 495.0
333; 5; 2020-01-20 19:24:20; 769.0
334; 2; 2020-09-04 09:52:33; 553.0
335; 1; 2019-09-23 03:54:42; 434.0
336; 3; 2019-11-20 17:32:05; 558.0
337; 2; 2019-03-25 13:46:27; 554.0
338; 2; 2019-06-27 02:35:47; 521.0
339; 5; 2019-09-29 14:42:20; 616.0
340; 1; 2019-06-27 04:03:16; 496.0
341; 4; 2020-03-16 09:19:37; 627.0
342; 1; 2020-05-31 00:56:54; 803.0
343; 2; 2019-03-26 19:54:13; 560.0
344; 1; 2020-06-19 05:17:42; 473.0
345; 4; 2020-03-16 02:31:34; 539.0
346; 2; 2021-03-09 18:35:42; 683.0
347; 1; 2020-08-27 21:06:52; 444.0
348; 2; 2019-11-04 00:26:56; 474.0
349; 5; 2019-11-01 17:44:04; 551.0
350; 2; 2020-10-17 13:34:12; 534.0
351; 1; 2020-09-25 15:51:36; 555.0
352; 4; 2020-07-27 06:56:11; 644.0
353; 3; 2019-05-18 08:53:42; 467.0
354; 4; 2021-01-31 13:36:17; 478.0
355; 3; 2019-08-22 05:17:47; 558.0
356; 3; 2020-06-01 06:07:58; 614.0
357; 5; 2019-06-16 18:20:24; 561.0
358; 1; 2020-01-27 19:01:24; 602.0
359; 5; 2020-08-26 03:29:36; 619.0
360; 1; 2019-11-11 23:26:00; 595.0
361; 4; 2021-01-26 15:51:33; 489.0
362; 1; 2020-11-05 13:45:07; 595.0
363; 4; 2019-08-13 13:43:43; 594.0
364; 2; 2021-03-02 18:06:42; 534.0
365; 3; 2020-03-03 20:57:26; 656.0
366; 5; 2019-04-27 16:29:41; 442.0
367; 4; 2019-07-25 20:52:58; 569.0
368; 2; 2020-03-15 20:42:20; 332.0
369; 5; 2019-03-24 16:24:17; 617.0
370; 2; 2019-10-09 10:03:14; 389.0
371; 1; 2020-04-05 02:15:10; 719.0
372; 3; 2019-04-17 13:40:56; 612.0
373; 1; 2020-08-31 13:15:20; 344.0
374; 5; 2019-09-09 10:21:59; 401.0
375; 5; 2019-06-01 01:27:56; 311.0
376; 4; 2021-01-02 02:11:36; 675.0
377; 5; 2021-01-22 19:22:32; 411.0
378; 2; 2020-04-09 05:21:21; 397.0
379; 4; 2019-06-01 21:21:26; 575.0
380; 4; 2020-04-10 17:07:17; 753.0
381; 2; 2020-08-22 23:22:22; 346.0
382; 5; 2020-10-15 13:46:03; 430.0
383; 5; 2020-07-07 12:30:36; 490.0
384; 4; 2020-12-08 06:09:10; 453.0
385; 3; 2019-05-24 15:29:24; 543.0
386; 2; 2021-01-13 12:34:28; 532.0
387; 3; 2020-07-12 20:21:49; 533.0
388; 1; 2019-04-27 10:00:30; 651.0
389; 5; 2020-05-01 15:00:13; 459.0
390; 5; 2019-07-18 23:15:55; 611.0
391; 1; 2020-09-08 21:50:09; 304.0
392; 5; 2019-11-09 21:14:06; 574.0
393; 2; 2020-12-16 02:34:56; 518.0
394; 3; 2019-07-10 12:41:59; 583.0
395; 2; 2019-08-04 10:05:44; 368.0
396; 4; 2020-03-21 03:40:07; 540.0
397; 5; 2019-07-28 12:42:20; 513.0
398; 5; 2020-10-16 20:33:54; 355.0
399; 4; 2021-01-16 01:53:39; 432.0
400; 2; 2019-05-24 04:27:52; 369.0
401; 4; 2019-11-08 22:10:38; 619.0
402; 4; 2019-07-18 17:12:22; 552.0
403; 3; 2020-04-29 07:11:27; 619.0
404; 5; 2020-03-14 03:36:19; 245.0
405; 2; 2020-03-16 08:59:41; 375.0
406; 3; 2019-06-11 02:24:16; 506.0
407; 4; 2020-01-18 13:06:45; 435.0
408; 3; 2020-08-02 00:19:45; 404.0
409; 4; 2020-05-14 05:17:18; 516.0
410; 1; 2020-09-23 02:35:34; 506.0
411; 5; 2019-10-28 01:52:09; 655.0
412; 2; 2020-05-22 09:20:28; 522.0
413; 3; 2019-12-09 11:55:06; 586.0
414; 3; 2020-03-19 06:09:01; 771.0
415; 5; 2020-07-09 05:05:40; 577.0
416; 3; 2020-06-12 23:16:51; 560.0
417; 2; 2021-02-08 13:45:05; 467.0
418; 1; 2019-07-02 21:06:24; 567.0
419; 4; 2019-09-17 05:00:47; 303.0
420; 2; 2020-07-27 11:01:24; 581.0
421; 5; 2019-09-09 19:53:22; 550.0
422; 3; 2020-10-14 11:10:19; 596.0
423; 4; 2019-08-28 13:44:04; 616.0
424; 2; 2020-08-07 23:59:31; 540.0
425; 2; 2020-02-12 13:10:13; 495.0
426; 2; 2020-05-16 14:59:30; 490.0
427; 3; 2021-01-22 20:08:49; 477.0
428; 3; 2019-10-20 00:21:01; 384.0
429; 3; 2020-07-12 13:39:52; 610.0
430; 5; 2021-02-24 22:37:37; 506.0
431; 5; 2020-06-07 06:05:28; 607.0
432; 3; 2020-05-11 14:56:21; 409.0
433; 5; 2020-02-27 23:04:59; 501.0
434; 3; 2020-09-15 07:19:25; 772.0
435; 3; 2019-06-24 14:55:31; 655.0
436; 1; 2019-11-14 20:05:11; 640.0
437; 2; 2020-09-22 10:28:12; 378.0
438; 1; 2020-09-10 23:37:09; 736.0
439; 1; 2020-02-25 14:29:05; 405.0
440; 2; 2020-12-04 00:21:07; 653.0
441; 4; 2019-07-02 19:00:19; 448.0
442; 2; 2020-11-24 21:15:24; 736.0
443; 5; 2019-09-07 13:05:56; 477.0
444; 4; 2019-08-26 08:48:34; 390.0
445; 3; 2020-12-03 18:58:01; 307.0
446; 3; 2019-03-31 08:45:28; 501.0
447; 2; 2020-11-21 14:51:55; 808.0
448; 3; 2019-06-02 19:32:57; 554.0
449; 3; 2019-11-15 02:25:33; 420.0
450; 5; 2020-12-24 07:37:57; 600.0
451; 2; 2020-05-03 03:17:35; 320.0
452; 4; 2020-05-31 19:03:26; 488.0
453; 3; 2020-05-01 21:52:53; 273.0
454; 5; 2019-12-27 16:30:33; 441.0
455; 1; 2020-02-19 12:29:03; 401.0
456; 4; 2020-05-02 08:09:21; 396.0
457; 3; 2020-02-16 10:54:11; 584.0
458; 3; 2020-12-04 21:28:21; 505.0
459; 5; 2020-05-04 19:00:57; 516.0
460; 4; 2020-09-29 16:33:53; 719.0
461; 4; 2020-10-11 02:13:06; 461.0
462; 5; 2019-04-25 23:06:12; 637.0
463; 1; 2019-07-15 14:16:43; 516.0
464; 5; 2019-07-30 15:33:22; 541.0
465; 5; 2020-11-02 22:47:46; 625.0
466; 4; 2020-12-29 09:16:54; 468.0
467; 2; 2021-01-04 08:02:51; 463.0
468; 5; 2021-02-26 20:46:44; 426.0
469; 3; 2019-12-21 21:04:11; 356.0
470; 3; 2020-02-28 17:52:55; 389.0
471; 2; 2020-01-28 14:39:53; 318.0
472; 5; 2020-08-14 00:19:10; 643.0
473; 2; 2019-09-01 14:30:14; 437.0
474; 5; 2020-11-24 18:58:22; 390.0
475; 1; 2020-05-17 23:00:49; 600.0
476; 1; 2020-05-20 06:34:11; 654.0
477; 4; 2020-11-03 11:22:11; 423.0
478; 3; 2020-07-23 16:39:33; 625.0
479; 3; 2020-01-07 19:51:22; 615.0
480; 1; 2020-12-17 15:33:34; 709.0
481; 5; 2019-11-02 09:30:05; 673.0
482; 4; 2020-02-23 22:41:07; 631.0
483; 1; 2020-10-03 14:49:15; 490.0
484; 5; 2020-10-01 02:44:55; 500.0
485; 4; 2020-02-29 09:03:36; 628.0
486; 5; 2020-04-02 00:13:24; 411.0
487; 4; 2020-08-02 03:09:10; 490.0
488; 2; 2019-10-09 10:12:55; 358.0
489; 5; 2020-01-16 03:52:30; 332.0
490; 1; 2019-09-05 21:57:54; 538.0
491; 1; 2019-12-01 01:50:22; 766.0
492; 2; 2020-10-10 05:26:06; 364.0
493; 4; 2021-03-11 18:55:45; 567.0
494; 2; 2019-10-30 05:19:12; 579.0
495; 3; 2019-09-16 01:29:43; 451.0
496; 4; 2019-08-21 17:11:44; 246.0
497; 4; 2020-08-07 09:36:31; 368.0
498; 4; 2020-10-13 11:49:51; 396.0
499; 4; 2020-07-02 19:20:08; 364.0
500; 3; 2020-03-13 18:50:05; 369.0
501; 3; 2019-08-23 05:29:52; 619.0
502; 1; 2020-08-18 20:53:25; 552.0
503; 5; 2020-10-22 04:06:27; 619.0
504; 5; 2019-04-22 03:09:08; 245.0
505; 1; 2019-04-11 21:01:36; 375.0
506; 4; 2020-11-01 12:46:06; 506.0
507; 5; 2021-02-16 10:19:19; 435.0
508; 2; 2020-06-03 12:16:51; 404.0
509; 4; 2020-08-26 09:57:02; 516.0
510; 5; 2019-08-14 02:20:24; 506.0
511; 3; 2019-08-23 20:10:58; 655.0
512; 1; 2019-12-20 17:50:49; 522.0
513; 1; 2020-08-30 02:16:51; 586.0
514; 4; 2020-02-05 02:46:22; 771.0
515; 1; 2021-03-02 03:29:52; 577.0
516; 5; 2020-10-19 18:24:09; 560.0
517; 1; 2020-02-03 18:02:18; 467.0
518; 5; 2020-03-09 19:22:04; 567.0
519; 2; 2019-09-02 21:54:22; 303.0
520; 1; 2021-03-12 15:47:46; 581.0
521; 5; 2021-03-07 19:19:58; 550.0
522; 5; 2019-08-07 11:08:11; 596.0
523; 4; 2019-10-05 21:22:37; 616.0
524; 2; 2019-10-18 12:31:18; 540.0
525; 4; 2020-03-16 14:16:32; 495.0
526; 4; 2020-10-16 01:00:53; 490.0
527; 5; 2019-11-02 14:13:00; 477.0
528; 3; 2020-04-21 15:26:09; 384.0
529; 1; 2019-03-29 09:52:56; 610.0
530; 3; 2019-06-16 20:12:12; 506.0
531; 5; 2020-11-06 01:56:59; 607.0
532; 2; 2019-06-02 06:09:07; 409.0
533; 4; 2020-02-20 04:48:14; 501.0
534; 3; 2019-12-27 17:02:52; 772.0
535; 1; 2020-06-18 22:56:05; 655.0
536; 4; 2019-07-23 16:10:42; 640.0
537; 1; 2019-11-06 07:27:48; 378.0
538; 1; 2020-11-01 23:17:13; 736.0
539; 5; 2020-12-12 20:10:06; 405.0
540; 5; 2019-08-03 13:20:17; 653.0
541; 3; 2020-08-31 17:01:37; 448.0
542; 2; 2019-10-02 18:32:03; 736.0
543; 3; 2019-04-18 10:47:08; 477.0
544; 5; 2020-02-02 10:06:31; 390.0
545; 4; 2019-08-09 21:41:26; 307.0
546; 5; 2020-12-08 20:55:15; 501.0
547; 3; 2019-11-23 23:49:21; 808.0
548; 1; 2020-12-04 19:17:11; 554.0
549; 5; 2020-08-18 16:30:15; 420.0
550; 1; 2020-12-29 02:14:12; 600.0
551; 5; 2019-10-18 12:06:44; 320.0
552; 4; 2020-06-19 01:34:35; 488.0
553; 1; 2020-08-12 03:46:48; 273.0
554; 3; 2020-07-15 10:11:17; 441.0
555; 5; 2019-11-06 02:54:29; 401.0
556; 4; 2020-09-28 17:24:36; 396.0
557; 2; 2020-02-18 01:44:16; 584.0
558; 5; 2019-10-27 02:02:00; 505.0
559; 2; 2020-12-25 20:59:39; 516.0
560; 3; 2020-09-19 12:07:03; 719.0
561; 4; 2019-03-28 17:29:24; 461.0
562; 3; 2021-02-21 08:32:19; 637.0
563; 5; 2020-05-21 15:49:21; 516.0
564; 2; 2020-03-14 17:46:30; 541.0
565; 2; 2020-12-04 02:31:36; 625.0
566; 1; 2019-05-16 14:09:29; 468.0
567; 3; 2019-05-19 02:59:52; 463.0
568; 3; 2019-11-02 15:13:28; 426.0
569; 4; 2020-05-12 05:02:48; 356.0
570; 2; 2021-03-10 22:58:08; 389.0
571; 4; 2020-07-20 19:26:50; 318.0
572; 1; 2019-12-10 17:53:27; 643.0
573; 4; 2020-08-23 12:24:56; 437.0
574; 3; 2019-10-28 20:34:50; 390.0
575; 2; 2020-02-19 18:00:09; 600.0
576; 1; 2019-06-16 20:30:31; 654.0
577; 1; 2020-05-04 13:47:42; 423.0
578; 5; 2019-10-18 06:13:42; 625.0
579; 2; 2020-08-20 12:46:08; 615.0
580; 4; 2019-12-16 08:22:02; 709.0
581; 5; 2020-07-11 13:54:00; 673.0
582; 1; 2021-03-18 20:45:27; 631.0
583; 5; 2020-05-20 14:55:06; 490.0
584; 5; 2020-06-24 21:49:23; 500.0
585; 2; 2021-02-11 01:46:22; 628.0
586; 3; 2020-11-04 06:40:22; 411.0
587; 5; 2019-06-30 18:49:45; 490.0
588; 4; 2021-02-10 21:23:12; 358.0
589; 1; 2020-10-07 00:32:57; 332.0
590; 4; 2020-02-09 16:59:07; 538.0
591; 4; 2019-09-21 07:33:01; 766.0
592; 2; 2020-11-18 23:38:59; 364.0
593; 2; 2019-12-15 02:13:47; 567.0
594; 4; 2019-10-20 21:18:24; 579.0
595; 3; 2019-06-25 23:49:06; 451.0
596; 4; 2019-12-14 20:01:27; 246.0
597; 1; 2019-08-01 20:52:55; 368.0
598; 2; 2020-02-07 23:24:01; 396.0
599; 5; 2020-07-06 06:12:33; 280.0
600; 1; 2020-05-26 09:18:58; 487.0
601; 1; 2019-04-07 15:41:29; 603.0
602; 2; 2020-10-13 10:15:19; 559.0
603; 5; 2019-11-03 17:23:18; 537.0
604; 2; 2020-05-06 10:41:37; 738.0
605; 5; 2019-05-22 22:45:35; 404.0
606; 2; 2020-04-29 10:50:49; 750.0
607; 1; 2021-03-07 06:26:18; 836.0
608; 2; 2020-10-18 03:57:53; 505.0
609; 1; 2019-07-08 03:24:47; 603.0
610; 1; 2019-08-28 17:41:31; 800.0
611; 2; 2020-08-12 16:31:23; 371.0
612; 2; 2020-05-22 17:18:59; 339.0
613; 1; 2020-10-30 23:49:50; 675.0
614; 1; 2020-03-18 18:31:51; 421.0
615; 3; 2020-07-04 01:21:08; 488.0
616; 1; 2020-04-25 06:36:53; 411.0
617; 1; 2019-10-03 01:04:58; 357.0
618; 1; 2020-10-08 00:41:21; 659.0
619; 5; 2020-07-27 12:15:23; 393.0
620; 4; 2019-07-18 14:29:10; 532.0
621; 4; 2020-02-28 09:45:37; 626.0
622; 3; 2020-11-07 14:52:44; 460.0
623; 1; 2019-03-27 16:57:58; 572.0
624; 3; 2020-03-14 04:45:52; 437.0
625; 3; 2020-06-01 01:55:32; 496.0
626; 2; 2020-12-06 16:29:22; 478.0
627; 2; 2021-02-02 00:05:17; 612.0
628; 1; 2020-05-14 17:47:05; 391.0
629; 5; 2019-12-04 06:06:56; 468.0
630; 3; 2021-02-25 07:11:03; 546.0
631; 5; 2020-08-26 05:15:00; 398.0
632; 4; 2020-04-18 22:07:56; 495.0
633; 4; 2021-01-08 02:01:58; 769.0
634; 3; 2019-09-15 02:15:17; 553.0
635; 4; 2019-06-20 10:49:30; 434.0
636; 1; 2019-07-19 13:23:12; 558.0
637; 4; 2019-11-18 20:14:56; 554.0
638; 3; 2020-03-30 16:55:23; 521.0
639; 1; 2020-03-01 06:50:33; 616.0
640; 3; 2020-10-10 01:21:56; 496.0
641; 4; 2019-12-06 09:49:23; 627.0
642; 3; 2021-03-18 12:34:25; 803.0
643; 1; 2020-01-27 11:38:45; 560.0
644; 2; 2019-12-24 13:21:39; 473.0
645; 3; 2020-02-07 12:22:06; 539.0
646; 5; 2019-12-08 21:45:08; 683.0
647; 2; 2019-07-17 14:09:11; 444.0
648; 5; 2019-06-28 01:57:53; 474.0
649; 4; 2019-07-03 00:10:59; 551.0
650; 1; 2020-04-28 22:38:06; 534.0
651; 5; 2019-05-23 02:45:13; 555.0
652; 1; 2020-06-06 02:57:06; 644.0
653; 3; 2019-04-11 03:06:49; 467.0
654; 2; 2020-11-09 08:54:11; 478.0
655; 3; 2020-03-27 12:25:53; 558.0
656; 5; 2020-08-27 01:28:04; 614.0
657; 1; 2019-11-18 10:37:56; 561.0
658; 1; 2019-07-29 05:56:21; 602.0
659; 1; 2021-01-31 13:54:33; 619.0
660; 1; 2020-11-23 20:16:56; 595.0
661; 1; 2019-12-29 22:56:12; 489.0
662; 1; 2019-04-01 11:19:17; 595.0
663; 3; 2020-07-04 14:37:32; 594.0
664; 4; 2019-07-01 15:07:57; 534.0
665; 3; 2020-04-28 09:19:06; 656.0
666; 1; 2020-09-28 01:45:33; 442.0
667; 1; 2020-09-04 20:15:03; 569.0
668; 4; 2019-06-25 02:54:27; 332.0
669; 4; 2019-12-21 16:09:19; 617.0
670; 4; 2021-02-04 21:12:26; 389.0
671; 2; 2020-08-28 23:25:52; 719.0
672; 5; 2020-02-06 19:40:19; 612.0
673; 3; 2019-05-29 06:01:50; 344.0
674; 2; 2019-09-21 11:06:17; 401.0
675; 4; 2019-05-13 19:10:31; 311.0
676; 5; 2020-02-25 20:29:49; 675.0
677; 3; 2019-10-24 05:35:04; 411.0
678; 3; 2020-01-01 17:53:59; 397.0
679; 5; 2020-02-06 03:57:18; 575.0
680; 3; 2021-02-15 23:15:30; 753.0
681; 5; 2019-10-24 04:25:56; 346.0
682; 2; 2021-02-20 06:51:58; 430.0
683; 1; 2019-07-26 13:44:55; 490.0
684; 4; 2020-05-15 19:49:14; 453.0
685; 1; 2020-06-14 22:54:25; 543.0
686; 5; 2020-04-20 17:29:32; 532.0
687; 1; 2020-12-07 11:32:17; 533.0
688; 2; 2020-06-11 06:36:14; 651.0
689; 3; 2019-04-11 17:58:13; 459.0
690; 3; 2019-10-19 20:46:37; 611.0
691; 5; 2019-08-24 16:57:58; 304.0
692; 4; 2019-05-30 05:43:41; 574.0
693; 5; 2020-01-31 06:36:04; 518.0
694; 2; 2019-06-05 00:19:26; 583.0
695; 1; 2020-01-17 07:23:18; 368.0
696; 4; 2020-01-12 22:15:25; 540.0
697; 4; 2019-03-20 13:06:22; 513.0
698; 5; 2020-09-09 18:53:59; 355.0
699; 4; 2020-05-02 13:13:54; 432.0
700; 2; 2019-10-06 10:00:38; 369.0
701; 5; 2019-07-06 07:14:05; 619.0
702; 5; 2019-07-26 21:56:36; 552.0
703; 2; 2020-03-03 01:39:51; 619.0
704; 1; 2020-07-17 06:27:03; 245.0
705; 4; 2019-12-08 10:59:51; 375.0
706; 4; 2020-04-17 00:38:52; 506.0
707; 5; 2019-05-27 19:44:23; 435.0
708; 4; 2020-11-07 00:11:15; 404.0
709; 3; 2020-04-16 16:05:51; 516.0
710; 2; 2019-12-22 08:48:44; 506.0
711; 5; 2020-07-29 18:12:55; 655.0
712; 1; 2019-03-29 04:31:19; 522.0
713; 4; 2019-07-19 11:22:30; 586.0
714; 4; 2020-07-05 12:41:10; 771.0
715; 4; 2020-12-06 13:51:29; 577.0
716; 4; 2019-08-30 19:20:59; 560.0
717; 3; 2020-01-07 23:44:27; 467.0
718; 1; 2020-07-24 14:09:35; 567.0
719; 5; 2021-01-14 06:40:41; 303.0
720; 2; 2019-06-19 13:49:15; 581.0
721; 4; 2020-04-19 15:10:19; 550.0
722; 3; 2020-05-04 01:20:00; 596.0
723; 2; 2019-10-31 18:34:30; 616.0
724; 3; 2020-07-06 12:17:22; 540.0
725; 1; 2020-05-19 05:41:43; 495.0
726; 4; 2021-03-16 21:34:25; 490.0
727; 1; 2019-09-26 08:28:21; 477.0
728; 3; 2019-11-11 19:45:37; 384.0
729; 3; 2020-10-07 11:19:11; 610.0
730; 5; 2020-11-26 10:10:24; 506.0
731; 4; 2019-04-11 09:17:30; 607.0
732; 2; 2019-12-26 18:43:45; 409.0
733; 1; 2020-09-28 12:15:05; 501.0
734; 5; 2019-07-25 17:31:35; 772.0
735; 4; 2019-04-23 03:02:22; 655.0
736; 1; 2019-10-03 18:10:44; 640.0
737; 1; 2020-04-02 00:33:12; 378.0
738; 3; 2019-06-06 21:36:52; 736.0
739; 3; 2020-09-15 07:05:50; 405.0
740; 1; 2020-06-03 05:03:04; 653.0
741; 3; 2020-03-11 03:02:18; 448.0
742; 2; 2020-10-30 05:43:18; 736.0
743; 1; 2020-07-27 07:37:24; 477.0
744; 5; 2020-06-25 17:51:47; 390.0
745; 3; 2020-09-15 19:40:23; 307.0
746; 1; 2020-11-10 22:41:42; 501.0
747; 4; 2019-08-31 22:16:18; 808.0
748; 2; 2019-11-21 13:48:42; 554.0
749; 5; 2019-04-08 10:40:39; 420.0
750; 5; 2020-11-02 04:31:01; 600.0
751; 5; 2020-02-05 15:57:43; 320.0
752; 3; 2019-11-03 03:11:17; 488.0
753; 3; 2020-05-17 06:40:35; 273.0
754; 5; 2020-07-26 04:03:01; 441.0
755; 2; 2020-04-30 17:43:05; 401.0
756; 3; 2020-07-22 01:45:45; 396.0
757; 1; 2019-12-01 01:19:13; 584.0
758; 5; 2019-11-19 16:31:37; 505.0
759; 3; 2020-04-24 01:06:41; 516.0
760; 4; 2020-07-11 22:27:30; 719.0
761; 4; 2020-11-04 14:18:35; 461.0
762; 4; 2019-05-05 09:44:02; 637.0
763; 2; 2019-06-06 19:10:15; 516.0
764; 3; 2020-05-12 21:08:13; 541.0
765; 3; 2020-06-25 19:59:35; 625.0
766; 2; 2019-10-19 14:51:05; 468.0
767; 1; 2020-05-10 04:55:37; 463.0
768; 1; 2020-10-31 09:43:19; 426.0
769; 5; 2019-04-25 12:54:23; 356.0
770; 4; 2019-07-08 14:15:38; 389.0
771; 5; 2020-08-19 22:58:29; 318.0
772; 2; 2020-09-04 13:02:49; 643.0
773; 4; 2019-06-06 19:05:04; 437.0
774; 1; 2020-01-04 10:00:14; 390.0
775; 2; 2020-02-08 09:24:59; 600.0
776; 4; 2019-09-22 05:02:30; 654.0
777; 2; 2020-08-05 15:17:29; 423.0
778; 1; 2021-01-03 19:15:34; 625.0
779; 3; 2020-01-28 03:37:34; 615.0
780; 5; 2020-01-17 00:14:52; 709.0
781; 4; 2021-03-01 20:25:39; 673.0
782; 5; 2019-12-27 19:31:48; 631.0
783; 1; 2020-04-14 00:15:19; 490.0
784; 3; 2020-12-13 15:55:51; 500.0
785; 1; 2020-04-22 00:39:36; 628.0
786; 5; 2019-06-02 04:46:56; 411.0
787; 3; 2019-12-30 23:16:06; 490.0
788; 2; 2019-12-31 02:34:34; 358.0
789; 4; 2020-04-09 05:29:37; 332.0
790; 1; 2019-04-03 08:20:10; 538.0
791; 2; 2020-08-10 22:22:05; 766.0
792; 5; 2019-11-11 17:56:32; 364.0
793; 3; 2020-07-16 05:02:37; 567.0
794; 2; 2020-06-19 23:42:04; 579.0
795; 5; 2019-04-04 16:32:00; 451.0
796; 3; 2020-08-07 08:53:25; 246.0
797; 4; 2020-05-24 09:51:57; 368.0
798; 2; 2020-12-09 12:52:43; 396.0
799; 5; 2020-02-12 19:07:52; 280.0
800; 5; 2020-10-08 07:41:34; 487.0
801; 5; 2021-03-05 15:06:28; 603.0
802; 1; 2020-03-30 09:54:29; 559.0
803; 2; 2019-05-15 02:02:39; 537.0
804; 1; 2019-07-04 02:05:24; 738.0
805; 1; 2021-01-22 05:46:27; 404.0
806; 3; 2021-01-14 02:17:08; 750.0
807; 5; 2020-04-21 20:56:19; 836.0
808; 2; 2019-11-08 00:08:34; 505.0
809; 2; 2019-04-26 01:28:07; 603.0
810; 1; 2020-01-21 04:00:51; 800.0
811; 1; 2019-08-07 20:55:11; 371.0
812; 4; 2020-03-29 06:51:41; 339.0
813; 1; 2020-04-25 07:14:46; 675.0
814; 4; 2020-01-12 18:35:40; 421.0
815; 1; 2020-08-06 22:00:08; 488.0
816; 4; 2019-03-21 07:40:02; 411.0
817; 4; 2021-02-04 07:53:22; 357.0
818; 3; 2019-08-25 08:10:34; 659.0
819; 2; 2020-03-09 13:59:30; 393.0
820; 4; 2019-05-05 15:47:45; 532.0
821; 1; 2019-07-06 22:49:02; 626.0
822; 2; 2021-02-09 13:57:09; 460.0
823; 3; 2019-09-20 18:38:32; 572.0
824; 4; 2020-02-22 09:17:01; 437.0
825; 3; 2019-05-12 22:38:42; 496.0
826; 3; 2019-06-08 11:47:00; 478.0
827; 2; 2020-09-15 20:29:41; 612.0
828; 1; 2020-01-18 00:35:46; 391.0
829; 4; 2020-07-15 19:34:42; 468.0
830; 5; 2020-08-12 20:46:00; 546.0
831; 5; 2019-12-09 07:18:19; 398.0
832; 5; 2019-08-13 02:06:01; 495.0
833; 4; 2019-10-29 18:50:24; 769.0
834; 2; 2020-03-14 19:53:54; 553.0
835; 5; 2019-06-09 17:35:17; 434.0
836; 1; 2019-06-29 20:56:16; 558.0
837; 1; 2020-02-17 17:04:32; 554.0
838; 2; 2020-01-08 20:52:47; 521.0
839; 3; 2019-03-27 18:40:52; 616.0
840; 2; 2020-04-27 07:07:18; 496.0
841; 5; 2019-11-22 00:42:30; 627.0
842; 1; 2020-05-04 05:01:25; 803.0
843; 5; 2019-12-03 17:37:07; 560.0
844; 1; 2019-05-17 07:16:45; 473.0
845; 1; 2020-10-06 05:40:22; 539.0
846; 3; 2021-02-11 04:06:52; 683.0
847; 1; 2019-06-20 11:01:11; 444.0
848; 4; 2019-09-22 05:33:13; 474.0
849; 1; 2019-11-25 18:26:06; 551.0
850; 3; 2019-05-21 16:02:52; 534.0
851; 3; 2020-12-11 13:23:53; 555.0
852; 5; 2019-04-08 23:58:14; 644.0
853; 3; 2020-03-30 01:22:20; 467.0
854; 1; 2019-04-02 02:06:36; 478.0
855; 4; 2020-06-15 06:48:55; 558.0
856; 2; 2020-11-02 00:54:54; 614.0
857; 2; 2019-04-17 16:50:24; 561.0
858; 2; 2019-09-17 17:17:26; 602.0
859; 3; 2020-03-04 03:27:23; 304.0
860; 3; 2021-03-10 16:58:01; 369.0
861; 2; 2019-04-10 02:46:19; 619.0
862; 5; 2019-11-14 02:36:06; 552.0
863; 4; 2020-03-24 08:03:33; 619.0
864; 2; 2020-04-22 05:18:07; 245.0
865; 4; 2020-12-07 12:43:08; 375.0
866; 4; 2020-01-04 11:31:40; 506.0
867; 3; 2020-08-09 02:42:43; 435.0
868; 3; 2019-04-15 10:16:04; 404.0
869; 1; 2021-02-11 11:20:36; 516.0
870; 5; 2021-01-02 19:35:22; 506.0
871; 4; 2019-10-21 13:47:34; 655.0
872; 5; 2019-06-25 21:45:05; 522.0
873; 2; 2019-07-13 22:03:05; 586.0
874; 4; 2019-12-07 16:04:38; 771.0
875; 2; 2019-10-30 13:39:11; 577.0
876; 5; 2019-08-20 02:16:47; 560.0
877; 1; 2020-09-07 12:41:32; 467.0
878; 5; 2019-05-23 02:32:11; 567.0
879; 4; 2020-07-04 03:50:58; 303.0
880; 1; 2019-10-11 20:38:19; 581.0
881; 5; 2020-06-30 11:33:57; 550.0
882; 2; 2021-01-26 01:26:57; 596.0
883; 2; 2020-09-14 20:18:33; 616.0
884; 4; 2019-04-13 02:58:14; 540.0
885; 4; 2020-07-11 13:09:37; 495.0
886; 2; 2020-01-02 03:08:53; 490.0
887; 2; 2019-04-01 02:11:55; 477.0
888; 2; 2020-08-07 18:29:27; 384.0
889; 1; 2020-12-23 01:43:12; 610.0
890; 4; 2020-09-12 16:05:58; 506.0
891; 3; 2020-10-09 09:56:22; 607.0
892; 1; 2019-09-20 21:13:16; 409.0
893; 5; 2020-05-18 01:14:11; 501.0
894; 3; 2019-05-04 08:23:37; 772.0
895; 1; 2020-08-03 19:30:50; 655.0
896; 1; 2019-11-22 02:17:30; 640.0
897; 3; 2021-01-17 17:57:04; 378.0
898; 1; 2020-11-03 07:00:40; 736.0
899; 4; 2020-09-02 11:30:57; 405.0
900; 5; 2020-09-24 23:20:57; 653.0
901; 4; 2019-05-06 11:03:38; 448.0
902; 3; 2019-06-07 19:35:01; 736.0
903; 3; 2020-06-24 13:17:53; 477.0
904; 1; 2019-12-12 01:05:08; 390.0
905; 1; 2021-02-13 19:15:29; 307.0
906; 1; 2019-10-07 18:08:54; 501.0
907; 4; 2021-01-08 12:36:48; 808.0
908; 1; 2020-05-29 05:47:25; 554.0
909; 5; 2020-05-16 08:25:02; 420.0
910; 2; 2020-05-15 13:35:21; 600.0
911; 4; 2019-07-16 02:37:19; 320.0
912; 2; 2021-01-24 06:08:29; 488.0
913; 5; 2019-11-23 05:19:19; 273.0
914; 4; 2020-01-23 20:17:33; 441.0
915; 1; 2021-03-17 15:46:32; 401.0
916; 2; 2020-11-15 21:43:19; 396.0
917; 5; 2019-12-13 20:37:59; 584.0
918; 1; 2020-10-23 16:03:51; 505.0
919; 2; 2020-05-05 18:07:38; 516.0
920; 3; 2019-11-03 12:55:24; 719.0
921; 3; 2020-04-09 17:19:27; 461.0
922; 1; 2020-04-07 22:10:49; 637.0
923; 3; 2020-05-02 00:23:35; 516.0
924; 1; 2019-06-26 07:03:35; 541.0
925; 3; 2019-08-09 08:48:48; 625.0
926; 2; 2020-09-29 23:52:17; 468.0
927; 5; 2019-03-21 21:41:43; 463.0
928; 5; 2020-06-15 07:44:53; 426.0
929; 3; 2020-07-19 19:46:50; 356.0
930; 5; 2019-12-14 23:36:31; 389.0
931; 2; 2020-07-28 07:37:45; 318.0
932; 4; 2020-02-12 02:18:02; 643.0
933; 5; 2020-01-10 12:10:02; 437.0
934; 4; 2020-08-17 03:12:11; 390.0
935; 4; 2019-04-06 16:33:43; 600.0
936; 3; 2020-12-25 22:41:06; 654.0
937; 2; 2019-07-27 07:00:00; 423.0
938; 5; 2019-09-01 00:11:15; 625.0
939; 5; 2020-11-13 22:20:46; 615.0
940; 1; 2020-07-11 14:32:38; 709.0
941; 3; 2019-11-14 10:49:45; 673.0
942; 3; 2020-03-24 13:25:05; 631.0
943; 1; 2020-05-19 22:17:56; 490.0
944; 2; 2019-11-10 12:27:32; 500.0
945; 4; 2019-10-09 15:29:56; 628.0
946; 5; 2020-06-29 16:43:27; 411.0
947; 5; 2020-10-16 08:39:12; 490.0
948; 4; 2020-07-31 05:28:35; 358.0
949; 4; 2020-02-10 16:29:49; 332.0
950; 2; 2020-02-25 09:42:19; 538.0
951; 3; 2020-09-22 22:41:58; 766.0
952; 4; 2020-10-09 00:28:20; 364.0
953; 5; 2019-07-04 15:52:10; 567.0
954; 5; 2020-10-05 03:08:29; 579.0
955; 5; 2020-01-27 09:55:02; 451.0
956; 1; 2019-05-05 22:32:19; 246.0
957; 1; 2019-12-13 09:23:09; 368.0
958; 5; 2020-04-08 11:46:24; 396.0
959; 4; 2019-11-17 22:16:38; 280.0
960; 2; 2019-09-17 15:21:40; 487.0
961; 5; 2019-08-10 05:49:34; 603.0
962; 5; 2020-05-11 00:31:21; 559.0
963; 2; 2020-02-11 03:17:07; 537.0
964; 4; 2019-07-25 01:51:27; 738.0
965; 2; 2020-06-01 05:50:58; 404.0
966; 4; 2020-12-31 09:59:35; 750.0
967; 3; 2020-02-19 12:04:39; 836.0
968; 3; 2021-01-19 17:29:24; 505.0
969; 3; 2019-05-16 22:47:56; 603.0
970; 4; 2020-10-05 10:07:30; 800.0
971; 4; 2019-11-29 13:49:40; 371.0
972; 3; 2019-08-16 11:05:45; 339.0
973; 4; 2019-05-23 13:32:21; 675.0
974; 3; 2021-02-04 10:05:23; 421.0
975; 4; 2019-08-01 16:37:16; 488.0
976; 3; 2020-03-25 04:22:22; 411.0
977; 3; 2020-05-12 03:27:38; 357.0
978; 4; 2020-09-05 17:31:01; 659.0
979; 1; 2021-01-23 14:50:40; 393.0
980; 1; 2021-01-14 04:49:03; 532.0
981; 4; 2020-08-06 08:22:35; 626.0
982; 2; 2020-03-02 03:39:35; 460.0
983; 4; 2020-04-23 10:47:01; 572.0
984; 2; 2020-07-01 11:51:18; 437.0
985; 1; 2019-07-18 14:41:23; 496.0
986; 5; 2019-12-03 11:16:28; 478.0
987; 2; 2019-08-19 13:06:17; 612.0
988; 2; 2019-10-14 18:52:49; 391.0
989; 1; 2020-12-19 10:06:42; 468.0
990; 3; 2020-06-19 06:51:50; 546.0
991; 2; 2020-02-24 20:45:32; 398.0
992; 2; 2020-05-31 03:10:39; 495.0
993; 3; 2020-03-11 13:24:47; 769.0
994; 3; 2020-03-30 13:44:17; 553.0
995; 4; 2019-08-08 09:27:41; 434.0
996; 3; 2021-01-11 00:55:55; 558.0
997; 1; 2020-07-17 09:16:35; 554.0
998; 5; 2020-01-14 21:47:44; 521.0
999; 2; 2020-08-11 10:14:12; 616.0
1000; 3	2019-03-28 08:50:33;    496.0
1; 2; 2020-04-19 09:08:26; 303.0
2; 5; 2020-09-02 02:30:36; 581.0
3; 4; 2020-09-23 02:03:17; 550.0
4; 3; 2021-01-14 07:14:35; 596.0
5; 1; 2020-12-05 20:51:00; 616.0
6; 2; 2019-03-23 23:05:20; 540.0
7; 1; 2020-01-29 22:30:44; 495.0
8; 1; 2020-10-05 15:40:29; 490.0
9; 3; 2020-10-29 20:15:39; 477.0
10; 5; 2020-10-03 23:13:49; 384.0
11; 2; 2020-04-12 04:21:01; 610.0
12; 2; 2019-09-16 08:47:18; 506.0
13; 3; 2020-09-20 20:09:23; 607.0
14; 5; 2021-01-08 06:31:32; 409.0
15; 3; 2019-12-25 11:23:32; 501.0
16; 1; 2020-03-22 03:40:43; 772.0
17; 5; 2021-02-17 23:14:07; 655.0
18; 2; 2021-01-23 12:42:18; 640.0
19; 4; 2019-12-26 13:21:40; 378.0
20; 5; 2020-03-10 01:53:35; 736.0
21; 1; 2019-07-07 20:08:27; 405.0
22; 3; 2019-05-14 04:11:20; 653.0
23; 4; 2019-07-10 20:06:59; 448.0
24; 3; 2020-11-23 12:20:40; 736.0
25; 2; 2019-07-24 00:07:56; 477.0
26; 3; 2019-11-11 09:21:55; 390.0
27; 3; 2021-02-24 16:06:39; 307.0
28; 2; 2021-02-16 11:32:13; 501.0
29; 2; 2020-07-03 12:23:22; 808.0
30; 2; 2020-03-11 00:26:36; 554.0
31; 5; 2019-05-03 14:21:21; 420.0
32; 4; 2020-02-21 03:18:36; 600.0
33; 3; 2019-07-27 09:26:36; 320.0
34; 1; 2020-07-13 09:14:41; 488.0
35; 5; 2019-09-16 08:49:20; 273.0
36; 1; 2019-10-15 08:53:29; 441.0
37; 4; 2019-04-30 20:12:12; 401.0
38; 5; 2021-03-04 11:37:18; 396.0
39; 2; 2020-01-31 02:56:54; 584.0
40; 2; 2019-09-15 19:02:36; 505.0
41; 4; 2020-11-22 08:00:28; 516.0
42; 2; 2019-04-10 14:34:15; 719.0
43; 5; 2019-09-23 02:58:29; 461.0
44; 4; 2019-07-14 10:15:52; 637.0
45; 2; 2020-12-24 15:29:13; 516.0
46; 2; 2020-09-23 02:04:15; 541.0
47; 1; 2020-09-11 11:01:51; 625.0
48; 3; 2019-04-19 03:01:43; 468.0
49; 2; 2019-10-18 00:36:02; 463.0
50; 2; 2019-08-28 21:16:33; 426.0
51; 4; 2020-02-05 16:47:56; 356.0
52; 5; 2019-05-04 15:19:15; 389.0
53; 5; 2019-11-23 23:47:00; 318.0
54; 5; 2020-03-25 19:28:42; 643.0
55; 3; 2020-07-10 07:45:07; 437.0
56; 3; 2020-11-13 08:52:07; 390.0
57; 1; 2019-10-19 14:31:01; 600.0
58; 1; 2020-11-09 22:03:55; 654.0
59; 2; 2020-08-23 08:08:18; 423.0
60; 3; 2019-12-31 14:13:36; 625.0
61; 5; 2020-04-12 02:58:28; 615.0
62; 3; 2021-01-19 05:54:02; 709.0
63; 4; 2019-04-24 09:58:21; 673.0
64; 4; 2019-09-30 00:50:39; 631.0
65; 3; 2019-09-11 18:55:47; 490.0
66; 4; 2021-02-10 15:17:52; 500.0
67; 2; 2019-05-17 00:21:42; 628.0
68; 2; 2019-11-06 12:05:25; 411.0
69; 4; 2019-04-20 23:33:38; 490.0
70; 1; 2020-03-27 05:06:40; 358.0
71; 5; 2020-11-05 19:16:16; 332.0
72; 2; 2020-12-12 16:51:14; 538.0
73; 4; 2020-07-05 18:15:02; 766.0
74; 5; 2021-01-23 21:33:46; 364.0
75; 2; 2020-03-02 00:33:43; 567.0
76; 1; 2020-10-24 02:41:10; 579.0
77; 3; 2019-06-04 18:13:32; 451.0
78; 5; 2020-01-27 04:43:50; 246.0
79; 3; 2019-04-21 16:27:58; 368.0
80; 3; 2019-04-04 10:46:08; 396.0
81; 3; 2020-06-30 14:10:29; 679.0
82; 5; 2020-10-15 22:54:54; 454.0
83; 4; 2019-09-03 14:36:20; 463.0
84; 1; 2019-10-10 02:32:46; 486.0
85; 5; 2020-04-28 09:40:01; 492.0
86; 1; 2020-04-30 03:28:54; 565.0
87; 3; 2020-06-22 05:03:48; 662.0
88; 1; 2019-11-14 21:00:19; 386.0
89; 4; 2019-08-23 01:00:44; 327.0
90; 2; 2020-02-19 20:28:37; 618.0
91; 1; 2019-12-04 17:45:27; 609.0
92; 3; 2020-09-29 06:57:35; 506.0
93; 3; 2019-10-08 19:53:43; 767.0
94; 5; 2020-06-18 15:58:57; 385.0
95; 4; 2019-12-02 18:44:05; 604.0
96; 2; 2020-11-07 15:42:36; 310.0
97; 1; 2019-12-04 00:41:40; 453.0
98; 2; 2021-01-22 04:34:39; 606.0
99; 5; 2019-12-17 22:54:09; 567.0
100; 5; 2019-09-03 14:20:01; 535.0
101; 5; 2019-08-22 05:04:34; 446.0
102; 5; 2020-02-03 03:54:16; 490.0
103; 4; 2021-02-18 17:05:45; 629.0
104; 3; 2020-03-05 11:29:33; 751.0
105; 3; 2019-10-28 20:50:57; 597.0
106; 1; 2019-06-28 12:36:38; 510.0
107; 3; 2020-12-11 03:30:24; 634.0
108; 2; 2020-07-21 02:42:52; 435.0
109; 2; 2020-01-05 22:04:27; 619.0
110; 2; 2019-08-03 08:04:24; 571.0
111; 2; 2020-04-20 20:05:33; 622.0
112; 2; 2020-12-14 19:18:21; 602.0
113; 1; 2019-05-29 19:31:46; 420.0
114; 2; 2019-07-13 07:12:35; 279.0
115; 3; 2019-07-18 22:21:16; 524.0
116; 4; 2019-04-06 11:44:08; 574.0
117; 5; 2020-08-31 01:45:07; 708.0
118; 4; 2019-04-06 10:07:46; 462.0
119; 3; 2021-02-06 13:53:21; 549.0
120; 3; 2019-07-11 15:45:45; 336.0
121; 3; 2019-08-01 22:27:16; 443.0
122; 3; 2020-04-16 16:24:13; 361.0
123; 1; 2020-04-25 03:50:06; 383.0
124; 3; 2020-12-13 00:37:41; 400.0
125; 4; 2019-11-04 14:58:57; 515.0
126; 1; 2019-08-25 00:16:23; 400.0
127; 3; 2020-03-19 22:24:44; 670.0
128; 3; 2020-12-30 14:35:19; 405.0
129; 5; 2020-10-09 17:00:39; 555.0
130; 3; 2020-10-05 19:33:33; 613.0
131; 1; 2020-10-19 06:48:14; 654.0
132; 4; 2019-11-18 12:33:00; 519.0
133; 3; 2021-01-06 13:36:42; 532.0
134; 4; 2019-05-13 10:21:18; 644.0
135; 5; 2020-06-02 09:42:39; 548.0
136; 1; 2020-01-09 20:43:46; 440.0
137; 4; 2019-12-27 20:19:17; 497.0
138; 4; 2021-01-19 11:42:31; 294.0
139; 1; 2020-06-02 05:33:00; 381.0
140; 1; 2020-07-05 07:51:03; 357.0
141; 2; 2020-05-07 08:55:46; 478.0
142; 4; 2020-10-06 13:41:28; 537.0
143; 4; 2019-03-24 02:30:31; 446.0
144; 1; 2020-04-15 23:41:00; 395.0
145; 2; 2020-09-22 10:05:41; 787.0
146; 1; 2020-03-19 09:18:06; 533.0
147; 4; 2020-04-01 18:52:49; 424.0
148; 4; 2019-05-21 20:20:35; 666.0
149; 2; 2021-01-23 03:47:34; 732.0
150; 1; 2020-11-13 17:47:08; 541.0
151; 1; 2019-10-18 15:47:54; 813.0
152; 3; 2021-01-18 19:38:55; 573.0
153; 1; 2020-11-23 16:18:19; 365.0
154; 1; 2019-11-08 13:24:08; 645.0
155; 4; 2020-01-25 03:14:13; 403.0
156; 3; 2020-02-03 14:56:43; 528.0
157; 1; 2020-05-08 05:02:02; 320.0
158; 4; 2019-04-28 17:22:58; 459.0
159; 5; 2020-11-09 07:11:12; 456.0
160; 5; 2019-07-18 16:28:34; 718.0
161; 1; 2019-08-28 15:56:17; 411.0
162; 5; 2019-09-22 22:59:46; 592.0
163; 5; 2019-04-16 16:10:54; 423.0
164; 4; 2019-12-25 17:07:01; 442.0
165; 3; 2019-11-06 20:16:10; 365.0
166; 2; 2019-03-23 09:52:53; 455.0
167; 1; 2020-09-14 10:00:59; 368.0
168; 2; 2020-03-15 11:57:53; 246.0
169; 1; 2019-12-06 22:46:42; 734.0
170; 2; 2020-12-04 06:32:16; 405.0
171; 3; 2019-06-23 23:23:39; 266.0
172; 5; 2020-06-23 03:03:51; 734.0
173; 1; 2020-07-06 08:10:56; 548.0
174; 3; 2019-12-24 05:11:54; 523.0
175; 3; 2019-04-08 06:02:56; 684.0
176; 1; 2019-08-08 13:05:26; 398.0
177; 2; 2021-01-27 04:23:01; 590.0
178; 3; 2019-09-30 07:12:42; 457.0
179; 3; 2020-07-19 17:02:27; 443.0
180; 3; 2019-11-04 18:38:38; 513.0
181; 4; 2020-06-02 22:52:36; 601.0
182; 2; 2019-03-22 16:22:44; 420.0
183; 1; 2020-02-04 09:16:53; 576.0
184; 2; 2019-08-04 02:37:39; 364.0
185; 1; 2020-02-15 06:25:49; 585.0
186; 5; 2019-07-09 11:57:01; 869.0
187; 1; 2019-12-21 17:49:17; 552.0
188; 5; 2021-03-07 21:19:23; 600.0
189; 5; 2019-07-20 18:41:33; 506.0
190; 3; 2020-05-31 22:46:45; 561.0
191; 1; 2019-04-13 19:23:37; 459.0
192; 5; 2020-03-05 21:44:47; 716.0
193; 1; 2021-03-13 14:31:49; 462.0
194; 2; 2019-10-02 18:06:10; 788.0
195; 1; 2020-07-31 16:07:54; 318.0
196; 1; 2020-11-16 22:07:20; 511.0
197; 1; 2019-10-18 11:28:47; 352.0
198; 3; 2020-09-10 00:40:20; 483.0
199; 2; 2019-11-21 22:36:12; 746.0
200; 3; 2019-04-13 17:59:41; 442.0
201; 1; 2019-05-29 00:23:20; 420.0
202; 1; 2020-02-26 02:43:26; 684.0
203; 4; 2019-12-08 04:56:00; 318.0
204; 3; 2020-09-06 13:01:38; 430.0
205; 1; 2020-11-02 03:40:37; 340.0
206; 1; 2020-07-04 21:37:01; 483.0
207; 5; 2020-01-25 00:26:21; 447.0
208; 3; 2020-07-24 08:06:00; 349.0
209; 4; 2020-04-09 03:59:48; 605.0
210; 5; 2019-05-25 10:43:48; 471.0
211; 1; 2020-03-12 01:48:31; 566.0
212; 1; 2020-09-30 03:50:08; 583.0
213; 1; 2019-04-14 09:12:03; 527.0
214; 2; 2020-04-18 14:28:48; 657.0
215; 1; 2019-10-12 08:53:11; 438.0
216; 2; 2019-05-29 01:19:49; 664.0
217; 2; 2020-04-01 01:21:29; 560.0
218; 4; 2019-05-31 19:06:42; 517.0
219; 1; 2020-01-17 04:50:33; 487.0
220; 3; 2020-11-26 01:02:57; 251.0
221; 1; 2020-08-09 23:26:21; 529.0
222; 3; 2019-05-29 17:45:01; 294.0
223; 4; 2019-03-26 13:54:07; 291.0
224; 4; 2019-05-07 03:59:43; 708.0
225; 5; 2020-11-23 08:29:59; 404.0
226; 1; 2019-10-18 15:17:25; 339.0
227; 2; 2019-11-17 19:35:41; 764.0
228; 2; 2021-02-09 23:27:56; 490.0
229; 4; 2021-01-07 17:06:14; 394.0
230; 5; 2020-04-28 10:37:50; 710.0
231; 4; 2019-07-20 11:20:13; 722.0
232; 1; 2020-08-29 23:20:16; 685.0
233; 1; 2020-09-09 14:39:18; 696.0
234; 2; 2020-04-03 00:58:20; 622.0
235; 1; 2019-04-13 12:48:39; 426.0
236; 1; 2019-04-17 14:30:26; 468.0
237; 1; 2021-01-17 21:04:31; 627.0
238; 1; 2020-11-07 12:34:43; 397.0
239; 1; 2021-02-27 17:32:25; 459.0
240; 3; 2019-10-13 02:41:37; 439.0
241; 2; 2019-07-06 17:17:02; 322.0
242; 3; 2019-05-15 23:19:58; 622.0
243; 3; 2020-09-26 03:13:37; 726.0
244; 4; 2019-09-13 15:31:48; 357.0
245; 3; 2020-02-13 19:15:35; 599.0
246; 1; 2020-03-31 16:11:21; 465.0
247; 4; 2019-03-24 05:13:18; 453.0
248; 1; 2020-12-23 01:41:32; 324.0
249; 5; 2019-11-09 02:38:37; 292.0
250; 5; 2019-11-01 18:15:46; 396.0
251; 3; 2019-04-14 22:45:00; 650.0
252; 1; 2020-02-22 22:45:51; 445.0
253; 2; 2019-07-16 06:12:18; 449.0
254; 4; 2020-01-26 23:06:36; 549.0
255; 5; 2019-10-09 02:55:53; 492.0
256; 3; 2020-10-28 03:07:50; 662.0
257; 5; 2019-11-09 14:22:36; 496.0
258; 1; 2020-03-23 00:35:50; 405.0
259; 2; 2019-06-10 15:14:02; 434.0
260; 3; 2019-08-21 05:41:01; 657.0
261; 4; 2020-07-16 11:14:43; 528.0
262; 3; 2020-10-25 03:51:04; 588.0
263; 5; 2019-04-12 19:23:41; 603.0
264; 5; 2021-01-31 11:06:53; 454.0
265; 3; 2019-04-11 15:51:07; 636.0
266; 1; 2020-12-23 02:50:29; 331.0
267; 5; 2021-01-10 15:06:28; 503.0
268; 1; 2019-09-27 15:26:46; 469.0
269; 1; 2019-04-21 12:52:22; 597.0
270; 1; 2019-12-23 03:57:25; 571.0
271; 5; 2020-02-10 19:00:54; 371.0
272; 2; 2020-06-02 02:41:16; 505.0
273; 1; 2020-09-22 21:24:25; 746.0
274; 1; 2020-07-05 13:02:39; 662.0
275; 5; 2019-10-29 23:43:46; 630.0
276; 5; 2019-04-01 17:14:55; 512.0
277; 3; 2020-11-05 10:47:12; 603.0
278; 4; 2020-07-12 16:37:30; 518.0
279; 5; 2019-03-30 14:42:39; 584.0
280; 3; 2019-12-12 15:30:41; 542.0
281; 1; 2021-01-01 23:47:38; 655.0
282; 3; 2019-04-09 01:03:15; 497.0
283; 4; 2020-03-05 21:35:26; 399.0
284; 2; 2020-01-16 23:59:00; 266.0
285; 5; 2019-07-05 01:29:19; 546.0
286; 5; 2019-04-02 23:29:48; 744.0
287; 2; 2020-01-25 05:33:26; 666.0
288; 2; 2020-09-03 22:01:34; 309.0
289; 4; 2019-12-28 16:50:28; 649.0
290; 1; 2019-09-07 22:44:36; 282.0
291; 3; 2019-09-22 22:51:05; 453.0
292; 1; 2019-06-21 05:40:21; 334.0
293; 4; 2019-06-24 15:43:45; 522.0
294; 1; 2020-07-21 14:20:28; 315.0
295; 1; 2019-11-29 11:07:56; 476.0
296; 1; 2019-09-10 19:58:39; 446.0
297; 1; 2020-06-14 06:04:25; 671.0
298; 1; 2021-02-23 02:48:44; 346.0
299; 4; 2020-04-26 11:12:03; 717.0
300; 3; 2019-09-29 12:04:17; 559.0
301; 1; 2019-11-05 05:43:31; 654.0
302; 2; 2020-05-28 16:42:13; 521.0
303; 2; 2019-09-04 14:27:41; 562.0
304; 1; 2021-02-19 08:15:40; 549.0
305; 5; 2020-05-13 02:58:47; 522.0
306; 2; 2020-03-20 08:56:23; 428.0
307; 2; 2019-07-07 14:59:09; 501.0
308; 5; 2019-10-20 14:30:28; 355.0
309; 5; 2019-07-05 11:24:50; 386.0
310; 5; 2019-05-29 03:43:22; 345.0
311; 2; 2019-10-14 20:24:41; 483.0
312; 4; 2021-03-10 07:52:45; 596.0
313; 3; 2019-07-08 03:25:06; 298.0
314; 1; 2019-08-22 19:28:06; 569.0
315; 5; 2020-01-08 04:49:54; 716.0
316; 2; 2021-02-21 11:51:41; 462.0
317; 4; 2020-04-02 01:41:53; 472.0
318; 4; 2020-05-25 23:56:01; 772.0
319; 5; 2020-11-17 00:08:17; 730.0
320; 2; 2021-01-21 00:01:34; 520.0
321; 2; 2020-08-16 11:11:42; 756.0
322; 3; 2019-09-15 10:33:43; 468.0
323; 4; 2019-04-25 12:24:04; 551.0
324; 1; 2019-03-22 16:41:40; 468.0
325; 5; 2019-08-09 06:39:04; 437.0
326; 2; 2021-01-12 01:15:59; 487.0
327; 5; 2019-05-27 20:09:00; 381.0
328; 2; 2019-12-11 00:16:39; 443.0
329; 3; 2019-07-21 19:56:33; 394.0
330; 4; 2020-04-10 15:04:05; 845.0
331; 1; 2021-01-09 10:36:00; 293.0
332; 5; 2019-10-07 00:21:52; 651.0
333; 1; 2020-10-31 14:47:24; 527.0
334; 5; 2021-03-20 02:31:12; 445.0
335; 4; 2019-10-10 07:35:53; 272.0
336; 4; 2020-08-15 09:21:58; 434.0
337; 3; 2019-05-07 07:54:23; 383.0
338; 3; 2020-02-24 01:07:35; 272.0
339; 3; 2020-10-03 14:37:11; 660.0
340; 4; 2021-02-20 15:07:41; 514.0
341; 4; 2020-09-06 01:22:40; 732.0
342; 4; 2019-10-02 18:43:35; 752.0
343; 1; 2020-01-08 19:12:31; 508.0
344; 5; 2020-03-31 06:31:12; 571.0
345; 1; 2019-04-02 18:47:44; 370.0
346; 3; 2019-08-10 21:41:09; 663.0
347; 1; 2020-01-27 07:49:26; 525.0
348; 3; 2020-01-11 12:25:18; 436.0
349; 4; 2020-12-29 07:45:49; 717.0
350; 1; 2020-02-22 01:21:58; 395.0
351; 3; 2019-09-24 12:05:49; 683.0
352; 4; 2020-01-16 10:43:19; 430.0
353; 4; 2020-09-09 03:38:41; 604.0
354; 3; 2020-11-27 12:34:28; 551.0
355; 5; 2019-05-17 09:35:24; 550.0
356; 5; 2019-11-18 14:14:14; 500.0
357; 2; 2020-05-10 02:59:15; 701.0
358; 5; 2019-12-22 15:06:54; 480.0
359; 5; 2020-07-07 23:31:42; 708.0
360; 1; 2019-10-09 04:24:12; 479.0
361; 4; 2020-01-15 07:50:46; 568.0
362; 5; 2019-10-18 19:52:02; 540.0
363; 2; 2019-09-13 22:56:48; 624.0
364; 5; 2021-03-19 19:00:57; 621.0
365; 3; 2019-12-02 05:07:04; 508.0
366; 4; 2019-06-28 12:08:55; 375.0
367; 1; 2020-04-01 16:29:38; 514.0
368; 1; 2019-07-28 11:43:23; 563.0
369; 3; 2020-08-23 22:47:19; 491.0
370; 5; 2020-08-24 16:52:35; 590.0
371; 3; 2019-05-12 16:44:17; 613.0
372; 1; 2020-06-02 14:48:58; 571.0
373; 1; 2019-09-04 17:13:55; 465.0
374; 3; 2020-04-02 06:13:32; 336.0
375; 3; 2020-02-25 18:59:09; 405.0
376; 5; 2020-05-31 09:40:53; 388.0
377; 2; 2019-09-12 04:07:28; 531.0
378; 5; 2020-06-16 04:48:48; 403.0
379; 4; 2020-09-28 09:13:57; 703.0
380; 5; 2019-07-18 12:11:29; 450.0
381; 2; 2020-12-13 18:03:48; 469.0
382; 2; 2020-02-18 15:17:37; 437.0
383; 4; 2020-05-06 20:28:10; 468.0
384; 5; 2019-03-25 06:55:38; 531.0
385; 4; 2021-02-21 13:47:23; 513.0
386; 3; 2020-07-13 17:00:16; 583.0
387; 2; 2019-06-28 23:43:06; 523.0
388; 5; 2019-08-28 17:54:47; 591.0
389; 1; 2020-11-30 20:44:53; 471.0
390; 1; 2021-02-09 14:13:17; 585.0
391; 1; 2020-09-11 20:55:11; 448.0
392; 2; 2020-01-05 10:54:22; 509.0
393; 2; 2020-02-27 22:30:53; 534.0
394; 1; 2019-10-15 18:31:00; 535.0
395; 2; 2019-10-19 10:59:22; 421.0
396; 1; 2019-04-10 03:51:23; 575.0
397; 3; 2020-05-29 16:03:07; 423.0
398; 1; 2021-03-13 17:43:04; 362.0
399; 1; 2019-05-24 12:09:00; 328.0
400; 4; 2020-10-19 18:26:40; 643.0
401; 2; 2020-05-27 19:48:01; 566.0
402; 4; 2019-08-22 23:31:27; 455.0
403; 5; 2020-01-01 14:45:31; 684.0
404; 2; 2020-09-22 01:05:04; 393.0
405; 2; 2021-02-28 13:05:06; 605.0
406; 4; 2020-07-18 04:11:33; 406.0
407; 4; 2019-07-28 04:09:57; 501.0
408; 5; 2020-01-29 17:28:27; 460.0
409; 5; 2021-01-09 10:26:02; 643.0
410; 3; 2019-08-05 09:28:32; 559.0
411; 3; 2021-01-20 18:06:22; 467.0
412; 4; 2019-10-14 19:46:28; 462.0
413; 5; 2019-05-17 09:47:29; 541.0
414; 4; 2019-08-12 00:55:11; 835.0
415; 5; 2021-01-07 14:54:50; 497.0
416; 4; 2020-08-23 03:15:00; 614.0
417; 5; 2020-11-27 12:41:48; 570.0
418; 5; 2020-11-23 01:29:11; 522.0
419; 4; 2019-06-30 05:56:26; 522.0
420; 4; 2021-02-22 10:54:07; 672.0
421; 1; 2019-06-21 11:45:26; 541.0
422; 2; 2020-07-05 08:31:59; 654.0
423; 5; 2019-11-25 10:49:53; 452.0
424; 2; 2020-01-10 12:35:03; 329.0
425; 4; 2019-07-17 02:42:54; 376.0
426; 4; 2019-08-06 19:28:42; 637.0
427; 5; 2019-06-24 04:01:15; 745.0
428; 1; 2019-09-03 10:33:36; 336.0
429; 2; 2019-09-12 04:11:54; 528.0
430; 2; 2019-08-18 07:06:21; 529.0
431; 4; 2019-11-08 03:45:43; 441.0
432; 1; 2019-05-09 23:12:07; 350.0
433; 5; 2020-07-18 01:06:43; 357.0
434; 3; 2019-10-13 02:47:38; 442.0
435; 5; 2019-08-03 05:22:59; 502.0
436; 4; 2019-10-14 06:48:33; 276.0
437; 4; 2020-05-17 18:38:39; 627.0
438; 4; 2020-03-25 14:43:17; 510.0
439; 2; 2020-07-07 08:13:54; 580.0
440; 4; 2020-11-16 07:37:19; 532.0
441; 2; 2020-10-13 22:08:20; 624.0
442; 4; 2021-03-09 01:06:17; 604.0
443; 2; 2021-02-06 20:07:57; 525.0
444; 3; 2020-06-18 09:02:36; 574.0
445; 4; 2019-10-14 18:07:34; 555.0
446; 2; 2019-05-10 04:35:13; 522.0
447; 1; 2020-04-13 21:33:47; 438.0
448; 4; 2020-10-24 01:13:55; 343.0
449; 2; 2019-05-03 12:59:52; 421.0
450; 1; 2020-04-28 07:51:47; 337.0
451; 3; 2021-03-01 23:44:10; 410.0
452; 4; 2019-07-24 19:28:16; 650.0
453; 3; 2019-06-18 06:19:05; 289.0
454; 5; 2019-03-22 01:38:42; 472.0
455; 3; 2021-01-11 05:21:03; 785.0
456; 3; 2020-09-18 08:16:43; 472.0
457; 4; 2020-01-23 13:02:51; 390.0
458; 1; 2020-08-22 22:15:29; 710.0
459; 5; 2020-01-14 12:30:50; 718.0
460; 4; 2020-09-13 03:52:20; 675.0
461; 3; 2019-04-05 10:28:21; 688.0
462; 2; 2020-08-11 07:16:15; 554.0
463; 5; 2019-09-07 22:28:27; 499.0
464; 2; 2019-10-10 14:56:12; 527.0
465; 5; 2021-02-14 07:19:31; 529.0
466; 3; 2019-12-09 21:08:54; 384.0
467; 1; 2020-11-22 16:24:30; 458.0
468; 5; 2020-02-11 15:56:10; 476.0
469; 3; 2020-10-31 02:10:55; 359.0
470; 3; 2019-11-05 12:36:22; 651.0
471; 5; 2020-02-01 07:16:30; 586.0
472; 2; 2020-05-22 12:12:03; 412.0
473; 3; 2019-07-25 01:16:55; 548.0
474; 3; 2020-07-06 14:37:22; 462.0
475; 4; 2019-12-23 16:48:22; 408.0
476; 2; 2020-11-19 16:06:34; 366.0
477; 5; 2021-01-06 19:21:10; 320.0
478; 1; 2020-03-27 17:05:43; 346.0
479; 5; 2019-10-30 00:43:13; 616.0
480; 1; 2019-07-06 04:42:25; 496.0
481; 2; 2020-04-23 07:04:58; 627.0
482; 3; 2019-12-03 15:17:35; 803.0
483; 4; 2019-03-20 14:30:56; 560.0
484; 2; 2020-04-11 13:14:43; 473.0
485; 3; 2020-06-24 16:05:51; 539.0
486; 3; 2020-08-11 03:43:08; 683.0
487; 4; 2019-07-07 11:08:57; 444.0
488; 2; 2020-01-04 03:41:55; 474.0
489; 4; 2020-11-26 00:54:11; 551.0
490; 5; 2019-06-09 06:28:20; 534.0
491; 5; 2020-06-03 16:43:52; 555.0
492; 4; 2020-01-24 23:29:35; 644.0
493; 4; 2019-04-27 18:13:07; 467.0
494; 3; 2019-05-30 21:38:48; 478.0
495; 4; 2020-07-25 19:58:47; 558.0
496; 5; 2019-12-11 06:00:31; 614.0
497; 2; 2020-03-23 10:33:19; 561.0
498; 3; 2020-11-10 15:56:12; 602.0
499; 3; 2020-07-05 23:11:49; 619.0
500; 3; 2020-05-07 00:29:00; 595.0
501; 2; 2020-10-26 12:53:47; 489.0
502; 3; 2020-10-08 09:34:48; 595.0
503; 3; 2020-06-23 08:44:11; 594.0
504; 1; 2019-11-03 02:22:14; 534.0
505; 5; 2019-03-25 06:23:46; 656.0
506; 3; 2020-04-18 19:52:24; 442.0
507; 1; 2021-01-29 16:18:12; 569.0
508; 4; 2020-11-17 15:27:02; 332.0
509; 5; 2021-01-30 10:51:33; 617.0
510; 2; 2019-12-04 22:51:44; 389.0
511; 1; 2019-05-04 04:56:48; 719.0
512; 2; 2020-02-18 20:29:13; 612.0
513; 3; 2020-07-03 07:51:01; 344.0
514; 5; 2019-10-17 13:50:45; 401.0
515; 4; 2020-01-31 02:01:24; 311.0
516; 1; 2019-04-22 10:17:58; 675.0
517; 1; 2020-12-10 01:15:39; 411.0
518; 3; 2021-01-28 21:40:35; 397.0
519; 5; 2020-07-22 08:10:26; 575.0
520; 4; 2019-10-01 08:42:37; 753.0
521; 1; 2019-07-17 09:34:50; 346.0
522; 1; 2019-12-31 18:28:46; 430.0
523; 3; 2021-02-23 06:26:56; 490.0
524; 2; 2019-11-16 09:51:48; 453.0
525; 5; 2020-11-13 22:20:38; 543.0
526; 4; 2020-06-04 23:51:20; 532.0
527; 4; 2019-04-05 07:54:15; 533.0
528; 5; 2019-07-09 13:13:27; 651.0
529; 3; 2020-09-19 06:50:23; 459.0
530; 5; 2019-05-30 16:22:56; 611.0
531; 1; 2021-02-22 03:44:07; 304.0
532; 5; 2021-01-30 22:25:47; 574.0
533; 4; 2020-01-09 20:11:42; 518.0
534; 3; 2020-03-28 14:55:32; 583.0
535; 5; 2019-06-14 18:44:18; 368.0
536; 2; 2019-05-16 00:36:30; 540.0
537; 2; 2019-05-14 22:22:56; 513.0
538; 4; 2020-11-01 14:53:25; 355.0
539; 1; 2019-04-11 08:27:41; 303.0
540; 4; 2020-02-23 15:42:18; 581.0
541; 1; 2020-02-26 00:40:35; 550.0
542; 2; 2020-07-28 02:46:27; 596.0
543; 2; 2019-03-30 07:54:49; 616.0
544; 5; 2019-08-09 19:45:42; 540.0
545; 5; 2019-08-11 10:08:29; 495.0
546; 3; 2020-03-04 13:33:25; 490.0
547; 1; 2020-07-13 08:49:53; 477.0
548; 4; 2019-07-20 03:36:23; 384.0
549; 2; 2021-02-10 03:58:17; 610.0
550; 1; 2021-03-05 19:20:29; 506.0
551; 2; 2019-11-29 07:00:09; 607.0
552; 5; 2020-04-18 13:34:54; 409.0
553; 5; 2020-11-08 17:22:09; 501.0
554; 1; 2021-03-10 10:55:14; 772.0
555; 3; 2021-01-29 14:26:55; 655.0
556; 4; 2019-11-19 05:59:48; 640.0
557; 2; 2020-11-02 12:43:24; 378.0
558; 1; 2020-07-28 23:39:21; 736.0
559; 1; 2020-03-17 06:59:07; 405.0
560; 3; 2020-12-28 05:41:38; 653.0
561; 2; 2019-04-14 01:27:42; 448.0
562; 2; 2019-04-12 21:22:09; 736.0
563; 3; 2020-10-05 05:06:54; 477.0
564; 3; 2019-08-09 01:13:20; 390.0
565; 3; 2019-07-07 11:07:34; 307.0
566; 4; 2020-03-18 10:09:52; 501.0
567; 4; 2021-01-31 14:27:37; 808.0
568; 1; 2020-01-09 11:23:34; 554.0
569; 3; 2020-04-18 22:38:38; 420.0
570; 2; 2019-04-12 04:00:07; 600.0
571; 5; 2019-12-27 03:22:58; 320.0
572; 5; 2020-11-22 01:40:16; 488.0
573; 4; 2020-01-13 02:47:15; 273.0
574; 1; 2020-01-22 03:16:01; 441.0
575; 1; 2020-02-17 21:45:38; 401.0
576; 4; 2020-08-07 14:45:57; 396.0
577; 2; 2020-11-12 12:22:29; 584.0
578; 3; 2020-11-30 05:00:23; 505.0
579; 4; 2019-11-23 14:21:04; 516.0
580; 2; 2019-06-30 10:12:36; 719.0
581; 4; 2019-07-31 03:51:21; 461.0
582; 1; 2019-05-30 17:52:14; 637.0
583; 5; 2020-02-03 13:26:01; 516.0
584; 5; 2019-06-04 03:12:30; 541.0
585; 2; 2020-11-24 13:01:14; 625.0
586; 3; 2020-08-24 05:15:24; 468.0
587; 5; 2019-08-09 17:58:56; 463.0
588; 5; 2020-07-04 23:24:43; 426.0
589; 5; 2019-04-03 21:33:31; 356.0
590; 1; 2020-09-19 14:27:53; 389.0
591; 5; 2019-07-13 06:16:00; 318.0
592; 5; 2019-06-18 22:59:08; 643.0
593; 4; 2019-09-21 02:05:52; 437.0
594; 5; 2019-12-07 16:34:49; 390.0
595; 3; 2019-08-24 18:50:57; 600.0
596; 1; 2020-06-28 20:06:35; 654.0
597; 2; 2019-04-25 16:50:44; 423.0
598; 3; 2019-04-06 16:45:52; 625.0
599; 3; 2019-03-21 07:46:35; 615.0
600; 4; 2020-08-20 00:06:13; 709.0
601; 5; 2020-12-15 19:46:59; 673.0
602; 3; 2020-02-26 11:49:33; 631.0
603; 5; 2019-11-01 01:45:43; 490.0
604; 4; 2019-05-09 20:55:28; 500.0
605; 5; 2020-01-12 22:56:57; 628.0
606; 5; 2019-06-03 00:23:29; 411.0
607; 2; 2019-09-06 02:03:58; 490.0
608; 2; 2021-03-10 02:39:34; 358.0
609; 4; 2020-08-09 08:18:09; 332.0
610; 3; 2020-09-10 20:29:09; 538.0
611; 5; 2020-09-11 09:59:25; 766.0
612; 4; 2020-10-23 16:58:11; 364.0
613; 3; 2020-03-19 12:30:44; 567.0
614; 4; 2019-06-09 22:23:50; 579.0
615; 1; 2020-05-31 14:09:04; 451.0
616; 2; 2021-01-06 19:55:43; 246.0
617; 5; 2019-08-05 03:35:28; 368.0
618; 5; 2020-07-25 12:20:28; 396.0
619; 2; 2020-09-01 07:37:46; 411.0
620; 1; 2021-03-13 16:42:31; 593.0
621; 3; 2020-03-01 21:57:29; 587.0
622; 3; 2019-04-15 07:58:35; 401.0
623; 4; 2019-10-12 07:30:13; 260.0
624; 3; 2019-09-10 12:19:44; 587.0
625; 3; 2020-06-05 05:17:55; 522.0
626; 4; 2020-01-22 00:54:41; 255.0
627; 5; 2019-11-09 02:06:30; 654.0
628; 3; 2019-06-04 00:09:28; 471.0
629; 1; 2020-10-10 04:37:10; 475.0
630; 2; 2020-03-08 03:44:13; 695.0
631; 3; 2020-12-06 08:06:42; 700.0
632; 1; 2020-10-21 10:48:09; 583.0
633; 5; 2019-07-06 03:13:29; 614.0
634; 3; 2020-11-01 06:22:15; 529.0
635; 2; 2019-08-11 20:04:16; 610.0
636; 3; 2019-06-04 11:05:42; 434.0
637; 4; 2019-05-28 16:58:35; 428.0
638; 3; 2019-11-18 11:41:31; 327.0
639; 1; 2019-05-20 08:52:10; 618.0
640; 1; 2019-07-26 04:44:19; 609.0
641; 2; 2020-12-09 06:25:18; 506.0
642; 2; 2020-10-11 02:23:26; 767.0
643; 4; 2020-12-18 04:14:19; 385.0
644; 4; 2021-01-12 02:32:36; 604.0
645; 2; 2020-08-20 00:54:05; 310.0
646; 1; 2020-06-13 16:40:37; 453.0
647; 5; 2019-11-11 21:49:27; 606.0
648; 4; 2019-09-04 00:08:40; 567.0
649; 4; 2019-12-08 08:45:42; 535.0
650; 4; 2020-10-20 10:48:42; 446.0
651; 5; 2020-04-22 11:00:04; 490.0
652; 3; 2019-11-10 22:01:27; 629.0
653; 3; 2021-01-27 01:18:21; 751.0
654; 1; 2019-10-09 09:13:14; 597.0
655; 3; 2020-01-29 10:58:52; 510.0
656; 4; 2020-04-13 02:28:43; 634.0
657; 1; 2020-05-08 06:22:42; 435.0
658; 2; 2020-07-16 10:34:04; 619.0
659; 2; 2019-04-16 02:39:39; 571.0
660; 5; 2021-01-11 17:48:31; 622.0
661; 1; 2020-03-16 09:41:58; 602.0
662; 4; 2020-12-08 01:55:41; 420.0
663; 1; 2020-09-21 17:06:34; 279.0
664; 1; 2019-09-29 02:42:08; 524.0
665; 3; 2019-04-21 16:07:46; 574.0
666; 4; 2020-07-17 17:51:14; 708.0
667; 1; 2020-10-20 15:47:33; 462.0
668; 3; 2020-11-26 08:31:15; 549.0
669; 3; 2019-07-16 23:10:30; 336.0
670; 2; 2019-12-08 07:22:18; 443.0
671; 1; 2020-12-21 07:34:47; 361.0
672; 5; 2020-06-09 10:17:02; 383.0
673; 5; 2020-07-05 06:07:45; 400.0
674; 4; 2019-10-14 06:44:59; 515.0
675; 1; 2019-07-26 08:18:21; 400.0
676; 1; 2020-05-04 11:53:19; 670.0
677; 4; 2021-03-13 00:49:23; 405.0
678; 3; 2021-03-04 07:37:49; 555.0
679; 1; 2020-11-05 15:33:30; 613.0
680; 2; 2020-06-14 04:00:01; 654.0
681; 4; 2020-07-31 16:46:25; 519.0
682; 3; 2020-04-13 07:46:43; 532.0
683; 5; 2021-03-03 20:37:50; 644.0
684; 4; 2020-03-12 17:12:33; 548.0
685; 1; 2021-02-17 00:16:11; 440.0
686; 1; 2019-11-17 16:59:18; 497.0
687; 5; 2019-05-07 11:19:44; 294.0
688; 2; 2019-03-26 12:04:49; 381.0
689; 1; 2021-01-28 13:26:01; 357.0
690; 4; 2019-04-16 03:50:42; 478.0
691; 4; 2019-08-18 12:06:50; 537.0
692; 4; 2020-05-22 02:11:51; 446.0
693; 5; 2021-02-15 14:59:46; 395.0
694; 4; 2019-08-18 09:58:54; 787.0
695; 5; 2019-05-09 21:16:48; 533.0
696; 3; 2020-07-08 08:26:40; 424.0
697; 5; 2019-07-22 10:55:46; 666.0
698; 2; 2021-02-02 07:31:51; 732.0
699; 2; 2019-12-23 07:19:56; 541.0
700; 5; 2020-08-24 16:52:58; 813.0
701; 1; 2019-09-02 01:36:21; 573.0
702; 4; 2020-06-12 00:30:09; 365.0
703; 5; 2020-12-12 16:10:27; 645.0
704; 4; 2020-06-22 23:22:24; 403.0
705; 2; 2020-11-30 17:48:01; 528.0
706; 3; 2019-11-30 04:44:21; 320.0
707; 3; 2019-10-03 16:31:40; 459.0
708; 3; 2021-02-18 06:24:24; 456.0
709; 1; 2019-07-25 15:33:21; 718.0
710; 1; 2020-06-18 08:14:30; 411.0
711; 1; 2019-10-11 04:05:59; 592.0
712; 2; 2019-08-16 06:41:52; 423.0
713; 4; 2020-04-08 01:27:31; 442.0
714; 3; 2021-01-20 23:46:20; 365.0
715; 2; 2019-04-21 01:31:38; 455.0
716; 4; 2019-03-29 11:14:43; 368.0
717; 3; 2020-09-27 12:42:53; 222.0
718; 3; 2019-09-07 19:41:07; 500.0
719; 3; 2020-05-27 11:07:08; 531.0
720; 5; 2019-06-22 03:47:16; 457.0
721; 3; 2021-01-28 21:35:20; 569.0
722; 5; 2019-07-04 15:37:21; 735.0
723; 3; 2019-07-09 18:24:00; 585.0
724; 3; 2019-10-13 17:02:13; 658.0
725; 1; 2019-07-10 09:58:22; 704.0
726; 5; 2019-09-22 02:22:09; 653.0
727; 1; 2020-08-09 11:48:16; 453.0
728; 5; 2020-01-27 00:12:53; 780.0
729; 4; 2019-09-03 21:19:05; 494.0
730; 3; 2020-08-27 20:13:20; 536.0
731; 1; 2020-10-30 19:01:28; 468.0
732; 5; 2019-04-28 22:00:06; 477.0
733; 5; 2020-03-04 03:20:18; 476.0
734; 3; 2019-11-02 21:37:39; 407.0
735; 2; 2020-10-01 05:05:30; 457.0
736; 5; 2021-02-08 05:38:23; 462.0
737; 5; 2019-04-13 05:41:13; 560.0
738; 4; 2019-11-03 08:46:43; 369.0
739; 1; 2019-11-10 15:29:32; 726.0
740; 2; 2019-11-11 14:54:56; 460.0
741; 3; 2020-01-04 03:00:10; 560.0
742; 2; 2020-09-09 12:38:45; 425.0
743; 4; 2020-08-28 18:47:01; 525.0
744; 4; 2020-08-30 00:29:30; 490.0
745; 1; 2019-08-09 11:36:01; 575.0
746; 1; 2019-10-31 00:16:09; 421.0
747; 5; 2019-05-14 16:36:25; 596.0
748; 5; 2021-03-14 07:10:43; 411.0
749; 2; 2020-01-27 09:44:56; 489.0
750; 2; 2019-12-22 07:59:07; 429.0
751; 1; 2020-12-15 22:53:11; 634.0
752; 5; 2020-01-16 20:30:15; 767.0
753; 2; 2020-01-29 17:55:16; 454.0
754; 3; 2020-03-22 14:04:37; 463.0
755; 3; 2020-08-30 18:58:26; 486.0
756; 3; 2021-01-02 23:44:58; 492.0
757; 1; 2020-08-21 15:54:24; 565.0
758; 3; 2020-06-13 12:57:23; 662.0
759; 1; 2021-02-09 14:17:12; 284.0
760; 1; 2019-08-05 13:36:34; 522.0
761; 2; 2021-01-01 10:08:37; 315.0
762; 4; 2020-07-14 05:09:56; 476.0
763; 1; 2019-09-23 07:19:20; 446.0
764; 4; 2021-02-19 08:17:47; 671.0
765; 2; 2020-06-20 09:25:52; 346.0
766; 2; 2020-07-13 08:07:41; 717.0
767; 5; 2019-12-28 14:51:13; 559.0
768; 4; 2020-01-13 20:01:18; 654.0
769; 3; 2020-12-09 02:40:52; 521.0
770; 1; 2020-08-26 02:19:59; 562.0
771; 2; 2020-06-23 11:28:38; 549.0
772; 1; 2020-03-13 02:46:18; 522.0
773; 4; 2020-12-28 12:29:33; 428.0
774; 1; 2020-10-17 13:17:49; 501.0
775; 3; 2020-04-16 09:11:24; 355.0
776; 2; 2019-05-13 14:03:17; 386.0
777; 5; 2021-03-14 15:41:27; 345.0
778; 1; 2021-02-06 01:12:40; 483.0
779; 3; 2019-08-31 02:04:51; 596.0
780; 5; 2020-09-09 03:09:03; 298.0
781; 5; 2020-05-26 15:37:27; 569.0
782; 1; 2019-08-17 13:14:14; 716.0
783; 4; 2019-07-18 14:40:38; 462.0
784; 4; 2020-01-13 22:44:28; 472.0
785; 2; 2020-10-14 10:57:21; 772.0
786; 2; 2020-06-25 22:12:05; 730.0
787; 5; 2019-10-27 03:27:45; 520.0
788; 2; 2019-09-02 07:48:57; 756.0
789; 3; 2020-12-17 19:46:44; 468.0
790; 1; 2019-11-25 10:58:00; 551.0
791; 2; 2020-04-22 09:40:48; 468.0
792; 1; 2020-05-17 08:52:33; 437.0
793; 3; 2019-10-18 19:04:25; 487.0
794; 4; 2019-09-25 07:01:43; 381.0
795; 1; 2019-05-29 02:22:28; 443.0
796; 2; 2020-07-06 10:53:54; 394.0
797; 4; 2020-02-27 08:45:56; 845.0
798; 2; 2020-09-30 16:03:06; 293.0
799; 2; 2019-10-19 07:38:31; 651.0
800; 2; 2019-09-09 16:45:29; 527.0
801; 2; 2020-02-07 15:17:40; 445.0
802; 1; 2020-05-18 15:52:54; 272.0
803; 2; 2019-09-01 22:28:30; 434.0
804; 5; 2020-10-22 15:01:42; 383.0
805; 1; 2020-12-31 13:06:38; 292.0
806; 2; 2020-03-30 13:27:13; 456.0
807; 4; 2020-01-30 19:20:55; 570.0
808; 2; 2019-03-23 12:27:21; 458.0
809; 4; 2019-09-25 14:24:35; 612.0
810; 5; 2021-01-01 18:13:33; 661.0
811; 3; 2021-01-18 01:30:39; 479.0
812; 3; 2020-07-02 06:37:55; 773.0
813; 3; 2021-02-18 14:02:29; 732.0
814; 5; 2020-01-06 19:42:37; 562.0
815; 4; 2019-10-14 18:05:32; 560.0
816; 1; 2020-10-01 22:32:23; 805.0
817; 1; 2021-02-03 12:07:08; 502.0
818; 4; 2019-07-22 13:54:41; 372.0
819; 4; 2020-05-11 02:58:58; 513.0
820; 2; 2020-12-31 07:11:38; 593.0
821; 2; 2019-07-14 06:11:57; 587.0
822; 4; 2020-06-25 18:16:51; 401.0
823; 1; 2020-04-05 12:55:19; 260.0
824; 2; 2020-01-20 04:04:12; 587.0
825; 2; 2019-10-07 02:59:13; 522.0
826; 4; 2019-09-07 09:19:12; 255.0
827; 3; 2020-07-23 08:08:08; 654.0
828; 3; 2020-12-06 09:03:58; 471.0
829; 1; 2021-03-01 06:59:55; 475.0
830; 1; 2021-01-11 04:47:27; 695.0
831; 4; 2020-02-24 23:22:44; 700.0
832; 3; 2019-04-18 05:49:57; 583.0
833; 5; 2020-11-01 23:25:46; 614.0
834; 1; 2019-07-29 12:17:35; 529.0
835; 3; 2019-12-18 08:26:51; 610.0
836; 5; 2020-08-28 00:08:51; 434.0
837; 2; 2020-09-05 22:06:22; 428.0
838; 1; 2020-03-21 23:20:47; 327.0
839; 1; 2020-06-07 23:35:11; 618.0
840; 4; 2020-01-06 11:14:11; 609.0
841; 4; 2020-08-31 00:25:36; 506.0
842; 5; 2020-10-30 01:13:26; 767.0
843; 3; 2020-01-19 09:46:12; 385.0
844; 2; 2020-12-10 18:56:01; 604.0
845; 4; 2020-02-11 06:43:19; 310.0
846; 5; 2020-11-01 04:46:43; 453.0
847; 4; 2019-05-26 18:18:00; 606.0
848; 4; 2020-12-17 06:11:57; 567.0
849; 3; 2020-01-16 04:25:13; 535.0
850; 2; 2020-12-26 07:31:44; 446.0
851; 2; 2020-11-09 23:13:10; 490.0
852; 1; 2019-04-03 08:24:24; 629.0
853; 5; 2021-03-06 20:14:27; 751.0
854; 3; 2020-07-31 16:27:56; 597.0
855; 2; 2020-09-14 09:32:21; 510.0
856; 2; 2021-02-08 11:19:22; 634.0
857; 3; 2020-02-06 12:59:19; 435.0
858; 1; 2020-03-27 08:12:13; 619.0
859; 4; 2020-09-08 19:52:48; 571.0
860; 4; 2019-05-21 16:35:50; 622.0
861; 4; 2020-02-27 10:53:22; 602.0
862; 3; 2020-06-20 02:39:29; 420.0
863; 4; 2020-12-30 20:41:59; 279.0
864; 5; 2021-01-17 07:12:17; 524.0
865; 5; 2019-10-26 08:49:10; 574.0
866; 4; 2021-03-13 01:33:14; 708.0
867; 5; 2020-04-30 20:21:57; 462.0
868; 5; 2019-11-14 17:59:36; 549.0
869; 3; 2020-10-08 02:26:53; 336.0
870; 3; 2019-08-08 07:02:49; 443.0
871; 1; 2019-04-13 21:17:11; 361.0
872; 1; 2019-03-28 14:59:20; 383.0
873; 5; 2020-04-25 20:25:39; 400.0
874; 1; 2020-02-13 04:00:47; 515.0
875; 3; 2019-12-05 06:20:29; 400.0
876; 3; 2019-07-15 14:38:59; 670.0
877; 4; 2019-08-11 01:56:14; 405.0
878; 4; 2020-12-01 19:00:46; 555.0
879; 1; 2020-09-28 19:35:20; 613.0
880; 5; 2019-06-19 06:39:07; 654.0
881; 3; 2019-09-13 07:32:33; 519.0
882; 2; 2019-06-12 04:27:15; 532.0
883; 4; 2019-12-14 19:28:12; 644.0
884; 3; 2021-01-17 10:11:59; 548.0
885; 5; 2019-12-18 02:25:44; 440.0
886; 1; 2019-08-19 12:27:29; 497.0
887; 1; 2019-06-23 21:22:21; 294.0
888; 4; 2019-08-28 12:05:12; 381.0
889; 1; 2020-02-20 20:18:22; 357.0
890; 5; 2019-04-11 10:25:55; 478.0
891; 3; 2019-07-04 19:08:25; 537.0
892; 1; 2019-11-10 20:41:37; 446.0
893; 5; 2021-03-15 23:19:44; 395.0
894; 2; 2020-05-15 08:17:57; 787.0
895; 5; 2020-02-01 02:59:01; 533.0
896; 3; 2020-10-16 03:21:00; 424.0
897; 1; 2021-03-09 01:51:18; 666.0
898; 5; 2020-10-19 23:59:05; 732.0
899; 4; 2020-04-29 19:25:14; 541.0
900; 1; 2019-05-13 00:16:27; 813.0
901; 1; 2020-08-15 10:38:24; 573.0
902; 1; 2020-08-10 09:16:09; 365.0
903; 2; 2020-06-17 15:44:42; 645.0
904; 5; 2020-06-28 20:21:44; 403.0
905; 2; 2020-07-25 07:49:57; 528.0
906; 2; 2020-11-27 05:34:04; 320.0
907; 2; 2019-05-28 01:59:57; 459.0
908; 3; 2019-04-29 18:07:44; 456.0
909; 1; 2020-11-20 23:42:46; 718.0
910; 5; 2020-04-11 05:03:09; 411.0
911; 4; 2019-08-23 17:41:11; 592.0
912; 3; 2020-06-15 21:23:02; 423.0
913; 3; 2019-07-03 17:35:15; 442.0
914; 5; 2020-03-06 03:11:14; 365.0
915; 5; 2019-11-26 07:56:22; 455.0
916; 4; 2020-05-30 07:40:09; 368.0
917; 1; 2021-02-28 12:09:32; 382.0
918; 5; 2020-07-30 07:04:07; 603.0
919; 1; 2019-11-08 17:15:11; 800.0
920; 4; 2019-08-11 06:09:25; 371.0
921; 2; 2020-12-27 07:53:17; 339.0
922; 2; 2020-03-27 23:52:08; 668.0
923; 5; 2019-05-10 03:16:33; 586.0
924; 4; 2020-08-28 20:11:48; 556.0
925; 3; 2020-09-11 06:28:23; 284.0
926; 5; 2020-04-11 15:15:48; 406.0
927; 3; 2019-07-09 11:02:06; 446.0
928; 4; 2020-01-17 00:17:52; 556.0
929; 1; 2021-01-14 20:50:13; 322.0
930; 2; 2019-12-25 21:18:50; 535.0
931; 2; 2019-04-26 19:13:21; 585.0
932; 4; 2019-04-09 08:52:54; 482.0
933; 4; 2021-02-04 20:11:12; 693.0
934; 2; 2019-11-07 21:18:12; 577.0
935; 4; 2019-04-18 21:07:15; 689.0
936; 3; 2019-11-17 17:14:04; 552.0
937; 4; 2021-01-01 12:48:27; 523.0
938; 1; 2019-10-20 23:51:20; 605.0
939; 3; 2019-08-27 14:51:39; 479.0
940; 2; 2020-06-14 19:36:02; 382.0
941; 2; 2020-05-28 10:12:33; 434.0
942; 5; 2021-01-01 20:49:48; 657.0
943; 2; 2020-04-05 22:09:06; 528.0
944; 5; 2019-06-23 03:32:01; 588.0
945; 5; 2020-05-15 03:41:19; 603.0
946; 2; 2020-04-21 07:08:51; 454.0
947; 1; 2020-10-15 08:34:01; 636.0
948; 4; 2020-11-29 02:00:51; 331.0
949; 5; 2020-05-06 03:48:26; 503.0
950; 1; 2019-07-02 13:53:20; 469.0
951; 3; 2019-08-27 03:04:41; 597.0
952; 1; 2019-11-21 06:30:40; 571.0
953; 3; 2021-01-20 22:07:07; 371.0
954; 3; 2021-01-30 23:48:11; 505.0
955; 1; 2020-07-15 15:27:13; 746.0
956; 3; 2019-06-30 12:08:40; 662.0
957; 1; 2020-09-20 22:28:39; 630.0
958; 4; 2019-11-14 09:00:26; 512.0
959; 4; 2019-05-30 10:27:15; 603.0
960; 1; 2021-03-04 03:45:23; 518.0
961; 1; 2020-05-24 09:33:14; 584.0
962; 2; 2020-02-12 07:03:48; 542.0
963; 1; 2020-10-12 18:40:55; 655.0
964; 4; 2019-12-23 18:59:18; 497.0
965; 4; 2019-12-12 06:29:08; 399.0
966; 5; 2020-03-15 08:17:13; 266.0
967; 1; 2019-09-21 09:31:59; 546.0
968; 3; 2020-07-12 04:42:18; 744.0
969; 1; 2019-08-01 12:37:47; 666.0
970; 5; 2019-12-08 12:20:34; 309.0
971; 4; 2020-01-06 09:27:51; 649.0
972; 3; 2019-08-20 20:25:38; 282.0
973; 3; 2019-04-18 12:10:47; 453.0
974; 4; 2020-06-14 15:47:44; 334.0
975; 3; 2021-02-10 07:05:11; 522.0
976; 1; 2021-02-12 08:00:57; 315.0
977; 3; 2020-06-27 10:48:58; 476.0
978; 3; 2020-09-04 11:36:07; 446.0
979; 3; 2021-02-04 01:27:39; 671.0
980; 1; 2021-02-10 01:31:00; 346.0
981; 3; 2019-10-26 04:39:38; 717.0
982; 4; 2020-08-28 10:18:26; 559.0
983; 4; 2019-06-11 07:26:32; 654.0
984; 5; 2020-07-16 13:30:21; 521.0
985; 5; 2020-12-02 05:11:48; 562.0
986; 1; 2020-02-15 20:08:48; 549.0
987; 5; 2019-10-14 08:24:16; 522.0
988; 5; 2019-12-29 15:25:04; 428.0
989; 4; 2020-12-04 13:14:36; 501.0
990; 2; 2019-07-12 04:02:22; 355.0
991; 4; 2021-02-22 09:48:38; 386.0
992; 5; 2019-09-20 08:57:53; 345.0
993; 1; 2021-01-24 10:58:30; 483.0
994; 4; 2021-03-06 16:12:43; 596.0
995; 1; 2020-02-14 04:29:09; 298.0
996; 4; 2020-07-26 11:18:26; 569.0
997; 1; 2020-05-24 05:09:27; 716.0
998; 5; 2020-12-06 19:07:58; 462.0
999; 5; 2020-03-03 01:54:20; 472.0
           