id_genero; id_jogo
1; 1
1; 2
1; 3
1; 4
1; 5
1; 6
1; 7
1; 8
1; 9
1; 10
1; 11
1; 12
1; 13
1; 14
1; 15
1; 16
1; 17
1; 18
1; 19
1; 20
1; 21
1; 22
1; 23
1; 24
1; 25
1; 26
1; 27
1; 28
1; 29
1; 30
1; 31
1; 32
1; 33
1; 34
1; 35
1; 36
1; 37
1; 38
1; 39
1; 40
1; 41
1; 42
1; 43
1; 44
1; 45
1; 46
1; 47
1; 48
1; 49
1; 50
1; 51
1; 52
1; 53
1; 54
1; 55
1; 56
1; 57
1; 58
1; 59
1; 60
1; 61
1; 62
1; 63
1; 64
1; 65
1; 66
1; 67
1; 68
1; 69
1; 70
1; 71
1; 72
1; 73
1; 74
1; 75
1; 76
1; 77
1; 78
1; 79
1; 80
1; 81
1; 82
1; 83
1; 84
1; 85
1; 86
1; 87
1; 88
1; 89
1; 90
1; 91
1; 92
1; 93
1; 94
1; 95
1; 96
1; 97
1; 98
1; 99
1; 100
1; 101
1; 102
1; 103
1; 104
1; 105
1; 106
1; 107
1; 108
1; 109
1; 110
1; 111
1; 112
1; 113
1; 114
1; 115
1; 116
1; 117
1; 118
1; 119
1; 120
1; 121
1; 122
1; 123
1; 124
1; 125
1; 126
1; 127
1; 128
1; 129
1; 130
1; 131
1; 132
1; 133
1; 134
1; 135
1; 136
1; 137
1; 138
1; 139
1; 140
1; 141
1; 142
1; 143
1; 144
1; 145
1; 146
1; 147
1; 148
1; 149
1; 150
1; 151
1; 152
1; 153
1; 154
1; 155
1; 156
1; 157
1; 158
1; 159
1; 160
1; 161
1; 162
1; 163
1; 164
1; 165
1; 166
1; 167
1; 168
1; 169
1; 170
1; 171
1; 172
1; 173
1; 174
1; 175
1; 176
1; 177
1; 178
1; 179
1; 180
1; 181
1; 182
1; 183
1; 184
1; 185
1; 186
1; 187
1; 188
1; 189
1; 190
1; 191
1; 192
1; 193
1; 194
1; 195
1; 196
1; 197
1; 198
1; 199
1; 200
1; 201
1; 202
1; 203
1; 204
1; 205
1; 206
1; 207
1; 208
1; 209
1; 210
1; 211
1; 212
1; 213
1; 214
1; 215
1; 216
1; 217
1; 218
1; 219
1; 220
1; 221
1; 222
1; 223
1; 224
1; 225
1; 226
1; 227
1; 228
1; 229
1; 230
1; 231
1; 232
1; 233
1; 234
1; 235
1; 236
1; 237
1; 238
1; 239
1; 240
1; 241
1; 242
1; 243
1; 244
1; 245
1; 246
1; 247
1; 248
1; 249
1; 250
1; 251
1; 252
1; 253
1; 254
1; 255
1; 256
1; 257
1; 258
1; 259
1; 260
1; 261
1; 262
1; 263
1; 264
1; 265
1; 266
1; 267
1; 268
1; 269
1; 270
1; 271
1; 272
1; 273
1; 274
1; 275
1; 276
1; 277
1; 278
1; 279
1; 280
1; 281
1; 282
1; 283
1; 284
1; 285
1; 286
1; 287
1; 288
1; 289
1; 290
1; 291
1; 292
1; 293
1; 294
1; 295
1; 296
1; 297
1; 298
1; 299
1; 300
1; 301
1; 302
1; 303
1; 304
1; 305
1; 306
1; 307
1; 308
1; 309
1; 310
1; 311
1; 312
1; 313
1; 314
1; 315
1; 316
1; 317
1; 318
1; 319
1; 320
1; 321
1; 322
1; 323
1; 324
1; 325
1; 326
1; 327
1; 328
1; 329
1; 330
1; 331
1; 332
1; 333
1; 334
1; 335
1; 336
1; 337
1; 338
1; 339
1; 340
1; 341
1; 342
1; 343
1; 344
1; 345
1; 346
1; 347
1; 348
1; 349
1; 350
1; 351
1; 352
1; 353
1; 354
1; 355
1; 356
1; 357
1; 358
1; 359
1; 360
1; 361
1; 362
1; 363
1; 364
1; 365
1; 366
1; 367
1; 368
1; 369
1; 370
1; 371
1; 372
1; 373
1; 374
1; 375
1; 376
1; 377
1; 378
1; 379
1; 380
1; 381
1; 382
1; 383
1; 384
1; 385
1; 386
1; 387
1; 388
1; 389
1; 390
1; 391
1; 392
1; 393
1; 394
1; 395
1; 396
1; 397
1; 398
1; 399
1; 400
1; 401
1; 402
1; 403
1; 404
1; 405
1; 406
1; 407
1; 408
1; 409
1; 410
1; 411
1; 412
1; 413
1; 414
1; 415
1; 416
1; 417
1; 418
1; 419
1; 420
1; 421
1; 422
1; 423
1; 424
1; 425
1; 426
1; 427
1; 428
1; 429
1; 430
1; 431
1; 432
1; 433
1; 434
1; 435
1; 436
1; 437
1; 438
1; 439
1; 440
1; 441
1; 442
1; 443
1; 444
1; 445
1; 446
1; 447
1; 448
1; 449
1; 450
1; 451
1; 452
1; 453
1; 454
1; 455
1; 456
1; 457
1; 458
1; 459
1; 460
1; 461
1; 462
1; 463
1; 464
1; 465
1; 466
1; 467
1; 468
1; 469
1; 470
1; 471
1; 472
1; 473
1; 474
1; 475
1; 476
1; 477
1; 478
1; 479
1; 480
1; 481
1; 482
1; 483
1; 484
1; 485
1; 486
1; 487
1; 488
1; 489
1; 490
1; 491
1; 492
1; 493
1; 494
1; 495
1; 496
1; 497
1; 498
1; 499
1; 500
2; 1
2; 2
2; 3
2; 4
2; 5
2; 6
2; 7
2; 8
2; 9
2; 10
2; 11
2; 12
2; 13
2; 14
2; 15
2; 16
2; 17
2; 18
2; 19
2; 20
2; 21
2; 22
2; 23
2; 24
2; 25
2; 26
2; 27
2; 28
2; 29
2; 30
2; 31
2; 32
2; 33
2; 34
2; 35
2; 36
2; 37
2; 38
2; 39
2; 40
2; 41
2; 42
2; 43
2; 44
2; 45
2; 46
2; 47
2; 48
2; 49
2; 50
2; 51
2; 52
2; 53
2; 54
2; 55
2; 56
2; 57
2; 58
2; 59
2; 60
2; 61
2; 62
2; 63
2; 64
2; 65
2; 66
2; 67
2; 68
2; 69
2; 70
2; 71
2; 72
2; 73
2; 74
2; 75
2; 76
2; 77
2; 78
2; 79
2; 80
2; 81
2; 82
2; 83
2; 84
2; 85
2; 86
2; 87
2; 88
2; 89
2; 90
2; 91
2; 92
2; 93
2; 94
2; 95
2; 96
2; 97
2; 98
2; 99
2; 100
2; 101
2; 102
2; 103
2; 104
2; 105
2; 106
2; 107
2; 108
2; 109
2; 110
2; 111
2; 112
2; 113
2; 114
2; 115
2; 116
2; 117
2; 118
2; 119
2; 120
2; 121
2; 122
2; 123
2; 124
2; 125
2; 126
2; 127
2; 128
2; 129
2; 130
2; 131
2; 132
2; 133
2; 134
2; 135
2; 136
2; 137
2; 138
2; 139
2; 140
2; 141
2; 142
2; 143
2; 144
2; 145
2; 146
2; 147
2; 148
2; 149
2; 150
2; 151
2; 152
2; 153
2; 154
2; 155
2; 156
2; 157
2; 158
2; 159
2; 160
2; 161
2; 162
2; 163
2; 164
2; 165
2; 166
2; 167
2; 168
2; 169
2; 170
2; 171
2; 172
2; 173
2; 174
2; 175
2; 176
2; 177
2; 178
2; 179
2; 180
2; 181
2; 182
2; 183
2; 184
2; 185
2; 186
2; 187
2; 188
2; 189
2; 190
2; 191
2; 192
2; 193
2; 194
2; 195
2; 196
2; 197
2; 198
2; 199
2; 200
2; 201
2; 202
2; 203
2; 204
2; 205
2; 206
2; 207
2; 208
2; 209
2; 210
2; 211
2; 212
2; 213
2; 214
2; 215
2; 216
2; 217
2; 218
2; 219
2; 220
2; 221
2; 222
2; 223
2; 224
2; 225
2; 226
2; 227
2; 228
2; 229
2; 230
2; 231
2; 232
2; 233
2; 234
2; 235
2; 236
2; 237
2; 238
2; 239
2; 240
2; 241
2; 242
2; 243
2; 244
2; 245
2; 246
2; 247
2; 248
2; 249
2; 250
2; 251
2; 252
2; 253
2; 254
2; 255
2; 256
2; 257
2; 258
2; 259
2; 260
2; 261
2; 262
2; 263
2; 264
2; 265
2; 266
2; 267
2; 268
2; 269
2; 270
2; 271
2; 272
2; 273
2; 274
2; 275
2; 276
2; 277
2; 278
2; 279
2; 280
2; 281
2; 282
2; 283
2; 284
2; 285
2; 286
2; 287
2; 288
2; 289
2; 290
2; 291
2; 292
2; 293
2; 294
2; 295
2; 296
2; 297
2; 298
2; 299
2; 300
2; 301
2; 302
2; 303
2; 304
2; 305
2; 306
2; 307
2; 308
2; 309
2; 310
2; 311
2; 312
2; 313
2; 314
2; 315
2; 316
2; 317
2; 318
2; 319
2; 320
2; 321
2; 322
2; 323
2; 324
2; 325
2; 326
2; 327
2; 328
2; 329
2; 330
2; 331
2; 332
2; 333
2; 334
2; 335
2; 336
2; 337
2; 338
2; 339
2; 340
2; 341
2; 342
2; 343
2; 344
2; 345
2; 346
2; 347
2; 348
2; 349
2; 350
2; 351
2; 352
2; 353
2; 354
2; 355
2; 356
2; 357
2; 358
2; 359
2; 360
2; 361
2; 362
2; 363
2; 364
2; 365
2; 366
2; 367
2; 368
2; 369
2; 370
2; 371
2; 372
2; 373
2; 374
2; 375
2; 376
2; 377
2; 378
2; 379
2; 380
2; 381
2; 382
2; 383
2; 384
2; 385
2; 386
2; 387
2; 388
2; 389
2; 390
2; 391
2; 392
2; 393
2; 394
2; 395
2; 396
2; 397
2; 398
2; 399
2; 400
2; 401
2; 402
2; 403
2; 404
2; 405
2; 406
2; 407
2; 408
2; 409
2; 410
2; 411
2; 412
2; 413
2; 414
2; 415
2; 416
2; 417
2; 418
2; 419
2; 420
2; 421
2; 422
2; 423
2; 424
2; 425
2; 426
2; 427
2; 428
2; 429
2; 430
2; 431
2; 432
2; 433
2; 434
2; 435
2; 436
2; 437
2; 438
2; 439
2; 440
2; 441
2; 442
2; 443
2; 444
2; 445
2; 446
2; 447
2; 448
2; 449
2; 450
2; 451
2; 452
2; 453
2; 454
2; 455
2; 456
2; 457
2; 458
2; 459
2; 460
2; 461
2; 462
2; 463
2; 464
2; 465
2; 466
2; 467
2; 468
2; 469
2; 470
2; 471
2; 472
2; 473
2; 474
2; 475
2; 476
2; 477
2; 478
2; 479
2; 480
2; 481
2; 482
2; 483
2; 484
2; 485
2; 486
2; 487
2; 488
2; 489
2; 490
2; 491
2; 492
2; 493
2; 494
2; 495
2; 496
2; 497
2; 498
2; 499
2; 500
3; 1
3; 2
3; 3
3; 4
3; 5
3; 6
3; 7
3; 8
3; 9
3; 10
3; 11
3; 12
3; 13
3; 14
3; 15
3; 16
3; 17
3; 18
3; 19
3; 20
3; 21
3; 22
3; 23
3; 24
3; 25
3; 26
3; 27
3; 28
3; 29
3; 30
3; 31
3; 32
3; 33
3; 34
3; 35
3; 36
3; 37
3; 38
3; 39
3; 40
3; 41
3; 42
3; 43
3; 44
3; 45
3; 46
3; 47
3; 48
3; 49
3; 50
3; 51
3; 52
3; 53
3; 54
3; 55
3; 56
3; 57
3; 58
3; 59
3; 60
3; 61
3; 62
3; 63
3; 64
3; 65
3; 66
3; 67
3; 68
3; 69
3; 70
3; 71
3; 72
3; 73
3; 74
3; 75
3; 76
3; 77
3; 78
3; 79
3; 80
3; 81
3; 82
3; 83
3; 84
3; 85
3; 86
3; 87
3; 88
3; 89
3; 90
3; 91
3; 92
3; 93
3; 94
3; 95
3; 96
3; 97
3; 98
3; 99
3; 100
3; 101
3; 102
3; 103
3; 104
3; 105
3; 106
3; 107
3; 108
3; 109
3; 110
3; 111
3; 112
3; 113
3; 114
3; 115
3; 116
3; 117
3; 118
3; 119
3; 120
3; 121
3; 122
3; 123
3; 124
3; 125
3; 126
3; 127
3; 128
3; 129
3; 130
3; 131
3; 132
3; 133
3; 134
3; 135
3; 136
3; 137
3; 138
3; 139
3; 140
3; 141
3; 142
3; 143
3; 144
3; 145
3; 146
3; 147
3; 148
3; 149
3; 150
3; 151
3; 152
3; 153
3; 154
3; 155
3; 156
3; 157
3; 158
3; 159
3; 160
3; 161
3; 162
3; 163
3; 164
3; 165
3; 166
3; 167
3; 168
3; 169
3; 170
3; 171
3; 172
3; 173
3; 174
3; 175
3; 176
3; 177
3; 178
3; 179
3; 180
3; 181
3; 182
3; 183
3; 184
3; 185
3; 186
3; 187
3; 188
3; 189
3; 190
3; 191
3; 192
3; 193
3; 194
3; 195
3; 196
3; 197
3; 198
3; 199
3; 200
4; 1
4; 2
4; 3
4; 4
4; 5
4; 6
4; 7
4; 8
4; 9
4; 10
4; 11
4; 12
4; 13
4; 14
4; 15
4; 16
4; 17
4; 18
4; 19
4; 20
4; 21
4; 22
4; 23
4; 24
4; 25
4; 26
4; 27
4; 28
4; 29
4; 30
4; 31
4; 32
4; 33
4; 34
4; 35
4; 36
4; 37
4; 38
4; 39
4; 40
4; 41
4; 42
4; 43
4; 44
4; 45
4; 46
4; 47
4; 48
4; 49
4; 50
4; 51
4; 52
4; 53
4; 54
4; 55
4; 56
4; 57
4; 58
4; 59
4; 60
4; 61
4; 62
4; 63
4; 64
4; 65
4; 66
4; 67
4; 68
4; 69
4; 70
4; 71
4; 72
4; 73
4; 74
4; 75
4; 76
4; 77
4; 78
4; 79
4; 80
4; 81
4; 82
4; 83
4; 84
4; 85
4; 86
4; 87
4; 88
4; 89
4; 90
4; 91
4; 92
4; 93
4; 94
4; 95
4; 96
4; 97
4; 98
4; 99
4; 100
4; 101
4; 102
4; 103
4; 104
4; 105
4; 106
4; 107
4; 108
4; 109
4; 110
4; 111
4; 112
4; 113
4; 114
4; 115
4; 116
4; 117
4; 118
4; 119
4; 120
4; 121
4; 122
4; 123
4; 124
4; 125
4; 126
4; 127
4; 128
4; 129
4; 130
4; 131
4; 132
4; 133
4; 134
4; 135
4; 136
4; 137
4; 138
4; 139
4; 140
4; 141
4; 142
4; 143
4; 144
4; 145
4; 146
4; 147
4; 148
4; 149
4; 150
4; 151
4; 152
4; 153
4; 154
4; 155
4; 156
4; 157
4; 158
4; 159
4; 160
4; 161
4; 162
4; 163
4; 164
4; 165
4; 166
4; 167
4; 168
4; 169
4; 170
4; 171
4; 172
4; 173
4; 174
4; 175
4; 176
4; 177
4; 178
4; 179
4; 180
4; 181
4; 182
4; 183
4; 184
4; 185
4; 186
4; 187
4; 188
4; 189
4; 190
4; 191
4; 192
4; 193
4; 194
4; 195
4; 196
4; 197
4; 198
4; 199
4; 200
4; 201
4; 202
4; 203
4; 204
4; 205
4; 206
4; 207
4; 208
4; 209
4; 210
4; 211
4; 212
4; 213
4; 214
4; 215
4; 216
4; 217
4; 218
4; 219
4; 220
4; 221
4; 222
4; 223
4; 224
4; 225
4; 226
4; 227
4; 228
4; 229
4; 230
4; 231
4; 232
4; 233
4; 234
4; 235
4; 236
4; 237
4; 238
4; 239
4; 240
4; 241
4; 242
4; 243
4; 244
4; 245
4; 246
4; 247
4; 248
4; 249
4; 250
4; 251
4; 252
4; 253
4; 254
4; 255
4; 256
4; 257
4; 258
4; 259
4; 260
4; 261
4; 262
4; 263
4; 264
4; 265
4; 266
4; 267
4; 268
4; 269
4; 270
4; 271
4; 272
4; 273
4; 274
4; 275
4; 276
4; 277
4; 278
4; 279
4; 280
4; 281
4; 282
4; 283
4; 284
4; 285
4; 286
4; 287
4; 288
4; 289
4; 290
4; 291
4; 292
4; 293
4; 294
4; 295
4; 296
4; 297
4; 298
4; 299
4; 300
5; 1
5; 2
5; 3
5; 4
5; 5
5; 6
5; 7
5; 8
5; 9
5; 10
5; 11
5; 12
5; 13
5; 14
5; 15
5; 16
5; 17
5; 18
5; 19
5; 20
5; 21
5; 22
5; 23
5; 24
5; 25
5; 26
5; 27
5; 28
5; 29
5; 30
5; 31
5; 32
5; 33
5; 34
5; 35
5; 36
5; 37
5; 38
5; 39
5; 40
5; 41
5; 42
5; 43
5; 44
5; 45
5; 46
5; 47
5; 48
5; 49
5; 50
5; 51
5; 52
5; 53
5; 54
5; 55
5; 56
5; 57
5; 58
5; 59
5; 60
5; 61
5; 62
5; 63
5; 64
5; 65
5; 66
5; 67
5; 68
5; 69
5; 70
5; 71
5; 72
5; 73
5; 74
5; 75
5; 76
5; 77
5; 78
5; 79
5; 80
5; 81
5; 82
5; 83
5; 84
5; 85
5; 86
5; 87
5; 88
5; 89
5; 90
5; 91
5; 92
5; 93
5; 94
5; 95
5; 96
5; 97
5; 98
5; 99
5; 100
5; 101
5; 102
5; 103
5; 104
5; 105
5; 106
5; 107
5; 108
5; 109
5; 110
5; 111
5; 112
5; 113
5; 114
5; 115
5; 116
5; 117
5; 118
5; 119
5; 120
5; 121
5; 122
5; 123
5; 124
5; 125
5; 126
5; 127
5; 128
5; 129
5; 130
5; 131
5; 132
5; 133
5; 134
5; 135
5; 136
5; 137
5; 138
5; 139
5; 140
5; 141
5; 142
5; 143
5; 144
5; 145
5; 146
5; 147
5; 148
5; 149
5; 150
5; 151
5; 152
5; 153
5; 154
5; 155
5; 156
5; 157
5; 158
5; 159
5; 160
5; 161
5; 162
5; 163
5; 164
5; 165
5; 166
5; 167
5; 168
5; 169
5; 170
5; 171
5; 172
5; 173
5; 174
5; 175
5; 176
5; 177
5; 178
5; 179
5; 180
5; 181
5; 182
5; 183
5; 184
5; 185
5; 186
5; 187
5; 188
5; 189
5; 190
5; 191
5; 192
5; 193
5; 194
5; 195
5; 196
5; 197
5; 198
5; 199
5; 200
5; 201
5; 202
5; 203
5; 204
5; 205
5; 206
5; 207
5; 208
5; 209
5; 210
5; 211
5; 212
5; 213
5; 214
5; 215
5; 216
5; 217
5; 218
5; 219
5; 220
5; 221
5; 222
5; 223
5; 224
5; 225
5; 226
5; 227
5; 228
5; 229
5; 230
5; 231
5; 232
5; 233
5; 234
5; 235
5; 236
5; 237
5; 238
5; 239
5; 240
5; 241
5; 242
5; 243
5; 244
5; 245
5; 246
5; 247
5; 248
5; 249
5; 250
5; 251
5; 252
5; 253
5; 254
5; 255
5; 256
5; 257
5; 258
5; 259
5; 260
5; 261
5; 262
5; 263
5; 264
5; 265
5; 266
5; 267
5; 268
5; 269
5; 270
5; 271
5; 272
5; 273
5; 274
5; 275
5; 276
5; 277
5; 278
5; 279
5; 280
5; 281
5; 282
5; 283
5; 284
5; 285
5; 286
5; 287
5; 288
5; 289
5; 290
5; 291
5; 292
5; 293
5; 294
5; 295
5; 296
5; 297
5; 298
5; 299
5; 300
6; 501
6; 502
6; 503
6; 504
6; 505
6; 506
6; 507
6; 508
6; 509
6; 510
6; 511
6; 512
6; 513
6; 514
6; 515
6; 516
6; 517
6; 518
6; 519
6; 520
6; 521
6; 522
6; 523
6; 524
6; 525
6; 526
6; 527
6; 528
6; 529
6; 530
6; 531
6; 532
6; 533
6; 534
6; 535
6; 536
6; 537
6; 538
6; 539
6; 540
6; 541
6; 542
6; 543
6; 544
6; 545
6; 546
6; 547
6; 548
6; 549
6; 550
6; 551
6; 552
6; 553
6; 554
6; 555
6; 556
6; 557
6; 558
6; 559
6; 560
6; 561
6; 562
6; 563
6; 564
6; 565
6; 566
6; 567
6; 568
6; 569
6; 570
6; 571
6; 572
6; 573
6; 574
6; 575
6; 576
6; 577
6; 578
6; 579
6; 580
6; 581
6; 582
6; 583
6; 584
6; 585
6; 586
6; 587
6; 588
6; 589
6; 590
6; 591
6; 592
6; 593
6; 594
6; 595
6; 596
6; 597
6; 598
6; 599
6; 600
6; 601
6; 602
6; 603
6; 604
6; 605
6; 606
6; 607
6; 608
6; 609
6; 610
6; 611
6; 612
6; 613
6; 614
6; 615
6; 616
6; 617
6; 618
6; 619
6; 620
6; 621
6; 622
6; 623
6; 624
6; 625
6; 626
6; 627
6; 628
6; 629
6; 630
6; 631
6; 632
6; 633
6; 634
6; 635
6; 636
6; 637
6; 638
6; 639
6; 640
6; 641
6; 642
6; 643
6; 644
6; 645
6; 646
6; 647
6; 648
6; 649
6; 650
6; 651
6; 652
6; 653
6; 654
6; 655
6; 656
6; 657
6; 658
6; 659
6; 660
6; 661
6; 662
6; 663
6; 664
6; 665
6; 666
6; 667
6; 668
6; 669
6; 670
6; 671
6; 672
6; 673
6; 674
6; 675
6; 676
6; 677
6; 678
6; 679
6; 680
6; 681
6; 682
6; 683
6; 684
6; 685
6; 686
6; 687
6; 688
6; 689
6; 690
6; 691
6; 692
6; 693
6; 694
6; 695
6; 696
6; 697
6; 698
6; 699
6; 700
6; 701
6; 702
6; 703
6; 704
6; 705
6; 706
6; 707
6; 708
6; 709
6; 710
6; 711
6; 712
6; 713
6; 714
6; 715
6; 716
6; 717
6; 718
6; 719
6; 720
6; 721
6; 722
6; 723
6; 724
6; 725
6; 726
6; 727
6; 728
6; 729
6; 730
6; 731
6; 732
6; 733
6; 734
6; 735
6; 736
6; 737
6; 738
6; 739
6; 740
6; 741
6; 742
6; 743
6; 744
6; 745
6; 746
6; 747
6; 748
6; 749
6; 750
6; 751
6; 752
6; 753
6; 754
6; 755
6; 756
6; 757
6; 758
6; 759
6; 760
6; 761
6; 762
6; 763
6; 764
6; 765
6; 766
6; 767
6; 768
6; 769
6; 770
6; 771
6; 772
6; 773
6; 774
6; 775
6; 776
6; 777
6; 778
6; 779
6; 780
6; 781
6; 782
6; 783
6; 784
6; 785
6; 786
6; 787
6; 788
6; 789
6; 790
6; 791
6; 792
6; 793
6; 794
6; 795
6; 796
6; 797
6; 798
6; 799
6; 800
6; 801
6; 802
6; 803
6; 804
6; 805
6; 806
6; 807
6; 808
6; 809
6; 810
6; 811
6; 812
6; 813
6; 814
6; 815
6; 816
6; 817
6; 818
6; 819
6; 820
6; 821
6; 822
6; 823
6; 824
6; 825
6; 826
6; 827
6; 828
6; 829
6; 830
6; 831
6; 832
6; 833
6; 834
6; 835
6; 836
6; 837
6; 838
6; 839
6; 840
6; 841
6; 842
6; 843
6; 844
6; 845
6; 846
6; 847
6; 848
6; 849
6; 850
6; 851
6; 852
6; 853
6; 854
6; 855
6; 856
6; 857
6; 858
6; 859
6; 860
6; 861
6; 862
6; 863
6; 864
6; 865
6; 866
6; 867
6; 868
6; 869
6; 870
6; 871
6; 872
6; 873
6; 874
6; 875
6; 876
6; 877
6; 878
6; 879
6; 880
6; 881
6; 882
6; 883
6; 884
6; 885
6; 886
6; 887
6; 888
6; 889
6; 890
6; 891
6; 892
6; 893
6; 894
6; 895
6; 896
6; 897
6; 898
6; 899
6; 900
6; 901
6; 902
6; 903
6; 904
6; 905
6; 906
6; 907
6; 908
6; 909
6; 910
6; 911
6; 912
6; 913
6; 914
6; 915
6; 916
6; 917
6; 918
6; 919
6; 920
6; 921
6; 922
6; 923
6; 924
6; 925
6; 926
6; 927
6; 928
6; 929
6; 930
6; 931
6; 932
6; 933
6; 934
6; 935
6; 936
6; 937
6; 938
6; 939
6; 940
6; 941
6; 942
6; 943
6; 944
6; 945
6; 946
6; 947
6; 948
6; 949
6; 950
6; 951
6; 952
6; 953
6; 954
6; 955
6; 956
6; 957
6; 958
6; 959
6; 960
6; 961
6; 962
6; 963
6; 964
6; 965
6; 966
6; 967
6; 968
6; 969
6; 970
6; 971
6; 972
6; 973
6; 974
6; 975
6; 976
6; 977
6; 978
6; 979
6; 980
6; 981
6; 982
6; 983
6; 984
6; 985
6; 986
6; 987
6; 988
6; 989
6; 990
6; 991
6; 992
6; 993
6; 994
6; 995
6; 996
6; 997
6; 998
6; 999
6; 1000
7; 1
8; 2
9; 3
10; 4
11; 5
12; 6
13; 7
14; 8
15; 9
16; 10
17; 11
18; 12
19; 13
20; 14
7; 15
8; 16
9; 17
10; 18
11; 19
12; 20
13; 21
14; 22
15; 23
16; 24
17; 25
18; 26
19; 27
20; 28
7; 29
8; 30
9; 31
10; 32
11; 33
12; 34
13; 35
14; 36
15; 37
16; 38
17; 39
18; 40
19; 41
20; 42
7; 43
8; 44
9; 45
10; 46
11; 47
12; 48
13; 49
14; 50
15; 51
16; 52
17; 53
18; 54
19; 55
20; 56
7; 57
8; 58
9; 59
10; 60
11; 61
12; 62
13; 63
14; 64
15; 65
16; 66
17; 67
18; 68
19; 69
20; 70
7; 71
8; 72
9; 73
10; 74
11; 75
12; 76
13; 77
14; 78
15; 79
16; 80
17; 81
18; 82
19; 83
20; 84
7; 85
8; 86
9; 87
10; 88
11; 89
12; 90
13; 91
14; 92
15; 93
16; 94
17; 95
18; 96
19; 97
20; 98
7; 99
8; 100
9; 101
10; 102
11; 103
12; 104
13; 105
14; 106
15; 107
16; 108
17; 109
18; 110
19; 111
20; 112
7; 113
8; 114
9; 115
10; 116
11; 117
12; 118
13; 119
14; 120
15; 121
16; 122
17; 123
18; 124
19; 125
20; 126
7; 127
8; 128
9; 129
10; 130
11; 131
12; 132
13; 133
14; 134
15; 135
16; 136
17; 137
18; 138
19; 139
20; 140
7; 141
8; 142
9; 143
10; 144
11; 145
12; 146
13; 147
14; 148
15; 149
16; 150
17; 151
18; 152
19; 153
20; 154
7; 155
8; 156
9; 157
10; 158
11; 159
12; 160
13; 161
14; 162
15; 163
16; 164
17; 165
18; 166
19; 167
20; 168
7; 169
8; 170
9; 171
10; 172
11; 173
12; 174
13; 175
14; 176
15; 177
16; 178
17; 179
18; 180
19; 181
20; 182
7; 183
8; 184
9; 185
10; 186
11; 187
12; 188
13; 189
14; 190
15; 191
16; 192
17; 193
18; 194
19; 195
20; 196
7; 197
8; 198
9; 199
10; 200
11; 201
12; 202
13; 203
14; 204
15; 205
16; 206
17; 207
18; 208
19; 209
20; 210
7; 211
8; 212
9; 213
10; 214
11; 215
12; 216
13; 217
14; 218
15; 219
16; 220
17; 221
18; 222
19; 223
20; 224
7; 225
8; 226
9; 227
10; 228
11; 229
12; 230
13; 231
14; 232
15; 233
16; 234
17; 235
18; 236
19; 237
20; 238
7; 239
8; 240
9; 241
10; 242
11; 243
12; 244
13; 245
14; 246
15; 247
16; 248
17; 249
18; 250
19; 251
20; 252
7; 253
8; 254
9; 255
10; 256
11; 257
12; 258
13; 259
14; 260
15; 261
16; 262
17; 263
18; 264
19; 265
20; 266
7; 267
8; 268
9; 269
10; 270
11; 271
12; 272
13; 273
14; 274
15; 275
16; 276
17; 277
18; 278
19; 279
20; 280
7; 281
8; 282
9; 283
10; 284
11; 285
12; 286
13; 287
14; 288
15; 289
16; 290
17; 291
18; 292
19; 293
20; 294
21; 800
22; 801
23; 802
21; 803
22; 804
23; 805
21; 806
22; 807
23; 808
21; 809
22; 810
23; 811
21; 812
22; 813
23; 814
21; 815
22; 816
23; 817
21; 818
22; 819
23; 820
21; 821
22; 822
23; 823
21; 824
22; 825
23; 826
21; 827
22; 828
23; 829
21; 830
22; 831
23; 832
21; 833
22; 834
23; 835
21; 836
22; 837
23; 838
21; 839
22; 840
23; 841
21; 842
22; 843
23; 844
21; 845
22; 846
23; 847
21; 848
22; 849
23; 850
21; 851
22; 852
23; 853
21; 854
22; 855
23; 856
21; 857
22; 858
23; 859
21; 860
22; 861
23; 862
21; 863
22; 864
23; 865
21; 866
22; 867
23; 868
21; 869
22; 870
23; 871
21; 872
22; 873
23; 874
21; 875
22; 876
23; 877
21; 878
22; 879
23; 880
21; 881
22; 882
23; 883
21; 884
22; 885
23; 886
21; 887
22; 888
23; 889
21; 890
22; 891
23; 892
21; 893
22; 894
23; 895
21; 896
22; 897
23; 898
21; 899
22; 900
23; 901
21; 902
22; 903
23; 904
21; 905
22; 906
23; 907
21; 908
22; 909
23; 910
21; 911
22; 912
23; 913
21; 914
22; 915
23; 916
21; 917
22; 918
23; 919
21; 920
22; 921
23; 922
21; 923
22; 924
23; 925
21; 926
22; 927
23; 928
21; 929
22; 930
23; 931
21; 932
22; 933
23; 934
21; 935
22; 936
23; 937
21; 938
22; 939
23; 940
21; 941
22; 942
23; 943
21; 944
22; 945
23; 946
21; 947
22; 948
23; 949
21; 950
22; 951
23; 952
21; 953
22; 954
23; 955
21; 956
22; 957
23; 958
21; 959
22; 960
23; 961
21; 962
22; 963
23; 964
21; 965
22; 966
23; 967
21; 968
22; 969
23; 970
21; 971
22; 972
23; 973
21; 974
22; 975
23; 976
21; 977
22; 978
23; 979
21; 980
22; 981
23; 982
21; 983
22; 984
23; 985
21; 986
22; 987
23; 988
21; 989
22; 990
23; 991
21; 992
22; 993
23; 994
21; 995
22; 996
23; 997
21; 998
22; 999
23; 1000
21; 649
22; 650
23; 651
21; 652
22; 653
23; 654
21; 655
22; 656
23; 657
21; 658
22; 659
23; 660
21; 661
22; 662
23; 663
21; 664
22; 665
23; 666
21; 667
22; 668
23; 669
21; 670
22; 671
23; 672
21; 673
22; 674
23; 675
21; 676
22; 677
23; 678
21; 679
22; 680
23; 681
21; 682
22; 683
23; 684
21; 685
22; 686
23; 687
21; 688
22; 689
23; 690
21; 691
22; 692
23; 693
21; 694
22; 695
23; 696
21; 697
22; 698
23; 699
21; 700
22; 701
23; 702
21; 703
22; 704
23; 705
21; 706
22; 707
23; 708
21; 709
22; 710
23; 711
21; 712
22; 713
23; 714
21; 715
22; 716
23; 717
21; 718
22; 719
23; 720
21; 721
22; 722
23; 723
21; 724
22; 725
23; 726
21; 727
22; 728
23; 729
21; 730
22; 731
23; 732
21; 733
22; 734
23; 735
21; 736
22; 737
23; 738
21; 739
22; 740
23; 741
21; 742
22; 743
23; 744
21; 745
22; 746
23; 747
21; 748
22; 749
23; 750
21; 751
22; 752
23; 753
21; 754
22; 755
23; 756
21; 757
22; 758
23; 759
21; 760
22; 761
23; 762
21; 763
22; 764
23; 765
21; 766
22; 767
23; 768
21; 769
22; 770
23; 771
21; 772
22; 773
23; 774
21; 775
22; 776
23; 777
21; 778
22; 779
23; 780
21; 781
22; 782
23; 783
21; 784
22; 785
23; 786
21; 787
22; 788
23; 789
21; 790
22; 791
23; 792
21; 793
22; 794
23; 795
21; 796
22; 797
23; 798
21; 799
22; 501
23; 502
21; 503
22; 504
23; 505
21; 506
22; 507
23; 508
21; 509
22; 510
23; 511
21; 512
22; 513
23; 514
21; 515
22; 516
23; 517
21; 518
22; 519
23; 520
21; 521
22; 522
23; 523
21; 524
22; 525
23; 526
21; 527
22; 528
23; 529
21; 530
22; 531
23; 532
21; 533
22; 534
23; 535
21; 536
22; 537
23; 538
21; 539
22; 540
23; 541
21; 542
22; 543
23; 544
21; 545
22; 546
23; 547
21; 548
22; 549
23; 550
