id_jogo; id_usuario_da_compra
1; 1
2; 1
3; 1
4; 1
5; 1
6; 2
7; 2
8; 2
9; 2
10; 2
11; 3
12; 3
13; 3
14; 3
15; 3
16; 4
17; 4
18; 4
19; 4
20; 4
21; 5
22; 5
23; 5
24; 5
25; 5
26; 6
27; 6
28; 6
29; 6
30; 6
31; 7
32; 7
33; 7
34; 7
35; 7
36; 8
37; 8
38; 8
39; 8
40; 8
41; 9
42; 9
43; 9
44; 9
45; 9
46; 10
47; 10
48; 10
49; 10
50; 10
51; 11
52; 11
53; 11
54; 11
55; 11
56; 12
57; 12
58; 12
59; 12
60; 12
61; 13
62; 13
63; 13
64; 13
65; 13
66; 14
67; 14
68; 14
69; 14
70; 14
71; 15
72; 15
73; 15
74; 15
75; 15
76; 16
77; 16
78; 16
79; 16
80; 16
81; 17
82; 17
83; 17
84; 17
85; 17
86; 18
87; 18
88; 18
89; 18
90; 18
91; 19
92; 19
93; 19
94; 19
95; 19
96; 20
97; 20
98; 20
99; 20
100; 20
101; 21
102; 21
103; 21
104; 21
105; 21
106; 22
107; 22
108; 22
109; 22
110; 22
111; 23
112; 23
113; 23
114; 23
115; 23
116; 24
117; 24
118; 24
119; 24
120; 24
121; 25
122; 25
123; 25
124; 25
125; 25
126; 26
127; 26
128; 26
129; 26
130; 26
131; 27
132; 27
133; 27
134; 27
135; 27
136; 28
137; 28
138; 28
139; 28
140; 28
141; 29
142; 29
143; 29
144; 29
145; 29
146; 30
147; 30
148; 30
149; 30
150; 30
151; 31
152; 31
153; 31
154; 31
155; 31
156; 32
157; 32
158; 32
159; 32
160; 32
161; 33
162; 33
163; 33
164; 33
165; 33
166; 34
167; 34
168; 34
169; 34
170; 34
171; 35
172; 35
173; 35
174; 35
175; 35
176; 36
177; 36
178; 36
179; 36
180; 36
181; 37
182; 37
183; 37
184; 37
185; 37
186; 38
187; 38
188; 38
189; 38
190; 38
191; 39
192; 39
193; 39
194; 39
195; 39
196; 40
197; 40
198; 40
199; 40
200; 40
201; 41
202; 41
203; 41
204; 41
205; 41
206; 42
207; 42
208; 42
209; 42
210; 42
211; 43
212; 43
213; 43
214; 43
215; 43
216; 44
217; 44
218; 44
219; 44
220; 44
221; 45
222; 45
223; 45
224; 45
225; 45
226; 46
227; 46
228; 46
229; 46
230; 46
231; 47
232; 47
233; 47
234; 47
235; 47
236; 48
237; 48
238; 48
239; 48
240; 48
241; 49
242; 49
243; 49
244; 49
245; 49
246; 50
247; 50
248; 50
249; 50
250; 50
251; 51
252; 51
253; 51
254; 51
255; 51
256; 52
257; 52
258; 52
259; 52
260; 52
261; 53
262; 53
263; 53
264; 53
265; 53
266; 54
267; 54
268; 54
269; 54
270; 54
271; 55
272; 55
273; 55
274; 55
275; 55
276; 56
277; 56
278; 56
279; 56
280; 56
281; 57
282; 57
283; 57
284; 57
285; 57
286; 58
287; 58
288; 58
289; 58
290; 58
291; 59
292; 59
293; 59
294; 59
295; 59
296; 60
297; 60
298; 60
299; 60
300; 60
301; 61
302; 61
303; 61
304; 61
305; 61
306; 62
307; 62
308; 62
309; 62
310; 62
311; 63
312; 63
313; 63
314; 63
315; 63
316; 64
317; 64
318; 64
319; 64
320; 64
321; 65
322; 65
323; 65
324; 65
325; 65
326; 66
327; 66
328; 66
329; 66
330; 66
331; 67
332; 67
333; 67
334; 67
335; 67
336; 68
337; 68
338; 68
339; 68
340; 68
341; 69
342; 69
343; 69
344; 69
345; 69
346; 70
347; 70
348; 70
349; 70
350; 70
351; 71
352; 71
353; 71
354; 71
355; 71
356; 72
357; 72
358; 72
359; 72
360; 72
361; 73
362; 73
363; 73
364; 73
365; 73
366; 74
367; 74
368; 74
369; 74
370; 74
371; 75
372; 75
373; 75
374; 75
375; 75
376; 76
377; 76
378; 76
379; 76
380; 76
381; 77
382; 77
383; 77
384; 77
385; 77
386; 78
387; 78
388; 78
389; 78
390; 78
391; 79
392; 79
393; 79
394; 79
395; 79
396; 80
397; 80
398; 80
399; 80
400; 80
401; 81
402; 81
403; 81
404; 81
405; 81
406; 82
407; 82
408; 82
409; 82
410; 82
411; 83
412; 83
413; 83
414; 83
415; 83
416; 84
417; 84
418; 84
419; 84
420; 84
421; 85
422; 85
423; 85
424; 85
425; 85
426; 86
427; 86
428; 86
429; 86
430; 86
431; 87
432; 87
433; 87
434; 87
435; 87
436; 88
437; 88
438; 88
439; 88
440; 88
441; 89
442; 89
443; 89
444; 89
445; 89
446; 90
447; 90
448; 90
449; 90
450; 90
451; 91
452; 91
453; 91
454; 91
455; 91
456; 92
457; 92
458; 92
459; 92
460; 92
461; 93
462; 93
463; 93
464; 93
465; 93
466; 94
467; 94
468; 94
469; 94
470; 94
471; 95
472; 95
473; 95
474; 95
475; 95
476; 96
477; 96
478; 96
479; 96
480; 96
481; 97
482; 97
483; 97
484; 97
485; 97
486; 98
487; 98
488; 98
489; 98
490; 98
491; 99
492; 99
493; 99
494; 99
495; 99
496; 100
497; 100
498; 100
499; 100
500; 100
501; 101
502; 101
503; 101
504; 101
505; 101
506; 102
507; 102
508; 102
509; 102
510; 102
511; 103
512; 103
513; 103
514; 103
515; 103
516; 104
517; 104
518; 104
519; 104
520; 104
521; 105
522; 105
523; 105
524; 105
525; 105
526; 106
527; 106
528; 106
529; 106
530; 106
531; 107
532; 107
533; 107
534; 107
535; 107
536; 108
537; 108
538; 108
539; 108
540; 108
541; 109
542; 109
543; 109
544; 109
545; 109
546; 110
547; 110
548; 110
549; 110
550; 110
551; 111
552; 111
553; 111
554; 111
555; 111
556; 112
557; 112
558; 112
559; 112
560; 112
561; 113
562; 113
563; 113
564; 113
565; 113
566; 114
567; 114
568; 114
569; 114
570; 114
571; 115
572; 115
573; 115
574; 115
575; 115
576; 116
577; 116
578; 116
579; 116
580; 116
581; 117
582; 117
583; 117
584; 117
585; 117
586; 118
587; 118
588; 118
589; 118
590; 118
591; 119
592; 119
593; 119
594; 119
595; 119
596; 120
597; 120
598; 120
599; 120
600; 120
601; 121
602; 121
603; 121
604; 121
605; 121
606; 122
607; 122
608; 122
609; 122
610; 122
611; 123
612; 123
613; 123
614; 123
615; 123
616; 124
617; 124
618; 124
619; 124
620; 124
621; 125
622; 125
623; 125
624; 125
625; 125
626; 126
627; 126
628; 126
629; 126
630; 126
631; 127
632; 127
633; 127
634; 127
635; 127
636; 128
637; 128
638; 128
639; 128
640; 128
641; 129
642; 129
643; 129
644; 129
645; 129
646; 130
647; 130
648; 130
649; 130
650; 130
651; 131
652; 131
653; 131
654; 131
655; 131
656; 132
657; 132
658; 132
659; 132
660; 132
661; 133
662; 133
663; 133
664; 133
665; 133
666; 134
667; 134
668; 134
669; 134
670; 134
671; 135
672; 135
673; 135
674; 135
675; 135
676; 136
677; 136
678; 136
679; 136
680; 136
681; 137
682; 137
683; 137
684; 137
685; 137
686; 138
687; 138
688; 138
689; 138
690; 138
691; 139
692; 139
693; 139
694; 139
695; 139
696; 140
697; 140
698; 140
699; 140
700; 140
701; 141
702; 141
703; 141
704; 141
705; 141
706; 142
707; 142
708; 142
709; 142
710; 142
711; 143
712; 143
713; 143
714; 143
715; 143
716; 144
717; 144
718; 144
719; 144
720; 144
721; 145
722; 145
723; 145
724; 145
725; 145
726; 146
727; 146
728; 146
729; 146
730; 146
731; 147
732; 147
733; 147
734; 147
735; 147
736; 148
737; 148
738; 148
739; 148
740; 148
741; 149
742; 149
743; 149
744; 149
745; 149
746; 150
747; 150
748; 150
749; 150
750; 150
751; 151
752; 151
753; 151
754; 151
755; 151
756; 152
757; 152
758; 152
759; 152
760; 152
761; 153
762; 153
763; 153
764; 153
765; 153
766; 154
767; 154
768; 154
769; 154
770; 154
771; 155
772; 155
773; 155
774; 155
775; 155
776; 156
777; 156
778; 156
779; 156
780; 156
781; 157
782; 157
783; 157
784; 157
785; 157
786; 158
787; 158
788; 158
789; 158
790; 158
791; 159
792; 159
793; 159
794; 159
795; 159
796; 160
797; 160
798; 160
799; 160
800; 160
801; 161
802; 161
803; 161
804; 161
805; 161
806; 162
807; 162
808; 162
809; 162
810; 162
811; 163
812; 163
813; 163
814; 163
815; 163
816; 164
817; 164
818; 164
819; 164
820; 164
821; 165
822; 165
823; 165
824; 165
825; 165
826; 166
827; 166
828; 166
829; 166
830; 166
831; 167
832; 167
833; 167
834; 167
835; 167
836; 168
837; 168
838; 168
839; 168
840; 168
841; 169
842; 169
843; 169
844; 169
845; 169
846; 170
847; 170
848; 170
849; 170
850; 170
851; 171
852; 171
853; 171
854; 171
855; 171
856; 172
857; 172
858; 172
859; 172
860; 172
861; 173
862; 173
863; 173
864; 173
865; 173
866; 174
867; 174
868; 174
869; 174
870; 174
871; 175
872; 175
873; 175
874; 175
875; 175
876; 176
877; 176
878; 176
879; 176
880; 176
881; 177
882; 177
883; 177
884; 177
885; 177
886; 178
887; 178
888; 178
889; 178
890; 178
891; 179
892; 179
893; 179
894; 179
895; 179
896; 180
897; 180
898; 180
899; 180
900; 180
901; 181
902; 181
903; 181
904; 181
905; 181
906; 182
907; 182
908; 182
909; 182
910; 182
911; 183
912; 183
913; 183
914; 183
915; 183
916; 184
917; 184
918; 184
919; 184
920; 184
921; 185
922; 185
923; 185
924; 185
925; 185
926; 186
927; 186
928; 186
929; 186
930; 186
931; 187
932; 187
933; 187
934; 187
935; 187
936; 188
937; 188
938; 188
939; 188
940; 188
941; 189
942; 189
943; 189
944; 189
945; 189
946; 190
947; 190
948; 190
949; 190
950; 190
951; 191
952; 191
953; 191
954; 191
955; 191
956; 192
957; 192
958; 192
959; 192
960; 192
961; 193
962; 193
963; 193
964; 193
965; 193
966; 194
967; 194
968; 194
969; 194
970; 194
971; 195
972; 195
973; 195
974; 195
975; 195
976; 196
977; 196
978; 196
979; 196
980; 196
981; 197
982; 197
983; 197
984; 197
985; 197
986; 198
987; 198
988; 198
989; 198
990; 198
991; 199
992; 199
993; 199
994; 199
995; 199
996; 200
997; 200
998; 200
999; 200
1000; 200
10; 201
11; 201
12; 201
13; 201
14; 201
15; 202
16; 202
17; 202
18; 202
19; 202
20; 203
21; 203
22; 203
23; 203
24; 203
25; 204
26; 204
27; 204
28; 204
29; 204
30; 205
31; 205
32; 205
33; 205
34; 205
35; 206
36; 206
37; 206
38; 206
39; 206
40; 207
41; 207
42; 207
43; 207
44; 207
45; 208
46; 208
47; 208
48; 208
49; 208
50; 209
51; 209
52; 209
53; 209
54; 209
55; 210
56; 210
57; 210
58; 210
59; 210
60; 211
61; 211
62; 211
63; 211
64; 211
65; 212
66; 212
67; 212
68; 212
69; 212
70; 213
71; 213
72; 213
73; 213
74; 213
75; 214
76; 214
77; 214
78; 214
79; 214
80; 215
81; 215
82; 215
83; 215
84; 215
85; 216
86; 216
87; 216
88; 216
89; 216
90; 217
91; 217
92; 217
93; 217
94; 217
95; 218
96; 218
97; 218
98; 218
99; 218
100; 219
101; 219
102; 219
103; 219
104; 219
105; 220
106; 220
107; 220
108; 220
109; 220
110; 221
111; 221
112; 221
113; 221
114; 221
115; 222
116; 222
117; 222
118; 222
119; 222
120; 223
121; 223
122; 223
123; 223
124; 223
125; 224
126; 224
127; 224
128; 224
129; 224
130; 225
131; 225
132; 225
133; 225
134; 225
135; 226
136; 226
137; 226
138; 226
139; 226
140; 227
141; 227
142; 227
143; 227
144; 227
145; 228
146; 228
147; 228
148; 228
149; 228
150; 229
151; 229
152; 229
153; 229
154; 229
155; 230
156; 230
157; 230
158; 230
159; 230
160; 231
161; 231
162; 231
163; 231
164; 231
165; 232
166; 232
167; 232
168; 232
169; 232
170; 233
171; 233
172; 233
173; 233
174; 233
175; 234
176; 234
177; 234
178; 234
179; 234
180; 235
181; 235
182; 235
183; 235
184; 235
185; 236
186; 236
187; 236
188; 236
189; 236
190; 237
191; 237
192; 237
193; 237
194; 237
195; 238
196; 238
197; 238
198; 238
199; 238
200; 239
201; 239
202; 239
203; 239
204; 239
205; 240
206; 240
207; 240
208; 240
209; 240
210; 241
211; 241
212; 241
213; 241
214; 241
215; 242
216; 242
217; 242
218; 242
219; 242
220; 243
221; 243
222; 243
223; 243
224; 243
225; 244
226; 244
227; 244
228; 244
229; 244
230; 245
231; 245
232; 245
233; 245
234; 245
235; 246
236; 246
237; 246
238; 246
239; 246
240; 247
241; 247
242; 247
243; 247
244; 247
245; 248
246; 248
247; 248
248; 248
249; 248
250; 249
251; 249
252; 249
253; 249
254; 249
255; 250
256; 250
257; 250
258; 250
259; 250
260; 251
261; 251
262; 251
263; 251
264; 251
265; 252
266; 252
267; 252
268; 252
269; 252
270; 253
271; 253
272; 253
273; 253
274; 253
275; 254
276; 254
277; 254
278; 254
279; 254
280; 255
281; 255
282; 255
283; 255
284; 255
285; 256
286; 256
287; 256
288; 256
289; 256
290; 257
291; 257
292; 257
293; 257
294; 257
295; 258
296; 258
297; 258
298; 258
299; 258
300; 259
301; 259
302; 259
303; 259
304; 259
305; 260
306; 260
307; 260
308; 260
309; 260
310; 261
311; 261
312; 261
313; 261
314; 261
315; 262
316; 262
317; 262
318; 262
319; 262
320; 263
321; 263
322; 263
323; 263
324; 263
325; 264
326; 264
327; 264
328; 264
329; 264
330; 265
331; 265
332; 265
333; 265
334; 265
335; 266
336; 266
337; 266
338; 266
339; 266
340; 267
341; 267
342; 267
343; 267
344; 267
345; 268
346; 268
347; 268
348; 268
349; 268
350; 269
351; 269
352; 269
353; 269
354; 269
355; 270
356; 270
357; 270
358; 270
359; 270
360; 271
361; 271
362; 271
363; 271
364; 271
365; 272
366; 272
367; 272
368; 272
369; 272
370; 273
371; 273
372; 273
373; 273
374; 273
375; 274
376; 274
377; 274
378; 274
379; 274
380; 275
381; 275
382; 275
383; 275
384; 275
385; 276
386; 276
387; 276
388; 276
389; 276
390; 277
391; 277
392; 277
393; 277
394; 277
395; 278
396; 278
397; 278
398; 278
399; 278
400; 279
401; 279
402; 279
403; 279
404; 279
405; 280
406; 280
407; 280
408; 280
409; 280
410; 281
411; 281
412; 281
413; 281
414; 281
415; 282
416; 282
417; 282
418; 282
419; 282
420; 283
421; 283
422; 283
423; 283
424; 283
425; 284
426; 284
427; 284
428; 284
429; 284
430; 285
431; 285
432; 285
433; 285
434; 285
435; 286
436; 286
437; 286
438; 286
439; 286
440; 287
441; 287
442; 287
443; 287
444; 287
445; 288
446; 288
447; 288
448; 288
449; 288
450; 289
451; 289
452; 289
453; 289
454; 289
455; 290
456; 290
457; 290
458; 290
459; 290
460; 291
461; 291
462; 291
463; 291
464; 291
465; 292
466; 292
467; 292
468; 292
469; 292
470; 293
471; 293
472; 293
473; 293
474; 293
475; 294
476; 294
477; 294
478; 294
479; 294
480; 295
481; 295
482; 295
483; 295
484; 295
485; 296
486; 296
487; 296
488; 296
489; 296
490; 297
491; 297
492; 297
493; 297
494; 297
495; 298
496; 298
497; 298
498; 298
499; 298
500; 299
501; 299
502; 299
503; 299
504; 299
505; 300
506; 300
507; 300
508; 300
509; 300
510; 301
511; 301
512; 301
513; 301
514; 301
515; 302
516; 302
517; 302
518; 302
519; 302
520; 303
521; 303
522; 303
523; 303
524; 303
525; 304
526; 304
527; 304
528; 304
529; 304
530; 305
531; 305
532; 305
533; 305
534; 305
535; 306
536; 306
537; 306
538; 306
539; 306
540; 307
541; 307
542; 307
543; 307
544; 307
545; 308
546; 308
547; 308
548; 308
549; 308
550; 309
551; 309
552; 309
553; 309
554; 309
555; 310
556; 310
557; 310
558; 310
559; 310
560; 311
561; 311
562; 311
563; 311
564; 311
565; 312
566; 312
567; 312
568; 312
569; 312
570; 313
571; 313
572; 313
573; 313
574; 313
575; 314
576; 314
577; 314
578; 314
579; 314
580; 315
581; 315
582; 315
583; 315
584; 315
585; 316
586; 316
587; 316
588; 316
589; 316
590; 317
591; 317
592; 317
593; 317
594; 317
595; 318
596; 318
597; 318
598; 318
599; 318
600; 319
601; 319
602; 319
603; 319
604; 319
605; 320
606; 320
607; 320
608; 320
609; 320
610; 321
611; 321
612; 321
613; 321
614; 321
615; 322
616; 322
617; 322
618; 322
619; 322
620; 323
621; 323
622; 323
623; 323
624; 323
625; 324
626; 324
627; 324
628; 324
629; 324
630; 325
631; 325
632; 325
633; 325
634; 325
635; 326
636; 326
637; 326
638; 326
639; 326
640; 327
641; 327
642; 327
643; 327
644; 327
645; 328
646; 328
647; 328
648; 328
649; 328
650; 329
651; 329
652; 329
653; 329
654; 329
655; 330
656; 330
657; 330
658; 330
659; 330
660; 331
661; 331
662; 331
663; 331
664; 331
665; 332
666; 332
667; 332
668; 332
669; 332
670; 333
671; 333
672; 333
673; 333
674; 333
675; 334
676; 334
677; 334
678; 334
679; 334
680; 335
681; 335
682; 335
683; 335
684; 335
685; 336
686; 336
687; 336
688; 336
689; 336
690; 337
691; 337
692; 337
693; 337
694; 337
695; 338
696; 338
697; 338
698; 338
699; 338
700; 339
701; 339
702; 339
703; 339
704; 339
705; 340
706; 340
707; 340
708; 340
709; 340
710; 341
711; 341
712; 341
713; 341
714; 341
715; 342
716; 342
717; 342
718; 342
719; 342
720; 343
721; 343
722; 343
723; 343
724; 343
725; 344
726; 344
727; 344
728; 344
729; 344
730; 345
731; 345
732; 345
733; 345
734; 345
735; 346
736; 346
737; 346
738; 346
739; 346
740; 347
741; 347
742; 347
743; 347
744; 347
745; 348
746; 348
747; 348
748; 348
749; 348
750; 349
751; 349
752; 349
753; 349
754; 349
755; 350
756; 350
757; 350
758; 350
759; 350
760; 351
761; 351
762; 351
763; 351
764; 351
765; 352
766; 352
767; 352
768; 352
769; 352
770; 353
771; 353
772; 353
773; 353
774; 353
775; 354
776; 354
777; 354
778; 354
779; 354
780; 355
781; 355
782; 355
783; 355
784; 355
785; 356
786; 356
787; 356
788; 356
789; 356
790; 357
791; 357
792; 357
793; 357
794; 357
795; 358
796; 358
797; 358
798; 358
799; 358
800; 359
801; 359
802; 359
803; 359
804; 359
805; 360
806; 360
807; 360
808; 360
809; 360
810; 361
811; 361
812; 361
813; 361
814; 361
815; 362
816; 362
817; 362
818; 362
819; 362
820; 363
821; 363
822; 363
823; 363
824; 363
825; 364
826; 364
827; 364
828; 364
829; 364
830; 365
831; 365
832; 365
833; 365
834; 365
835; 366
836; 366
837; 366
838; 366
839; 366
840; 367
841; 367
842; 367
843; 367
844; 367
845; 368
846; 368
847; 368
848; 368
849; 368
850; 369
851; 369
852; 369
853; 369
854; 369
855; 370
856; 370
857; 370
858; 370
859; 370
860; 371
861; 371
862; 371
863; 371
864; 371
865; 372
866; 372
867; 372
868; 372
869; 372
870; 373
871; 373
872; 373
873; 373
874; 373
875; 374
876; 374
877; 374
878; 374
879; 374
880; 375
881; 375
882; 375
883; 375
884; 375
885; 376
886; 376
887; 376
888; 376
889; 376
890; 377
891; 377
892; 377
893; 377
894; 377
895; 378
896; 378
897; 378
898; 378
899; 378
900; 379
901; 379
902; 379
903; 379
904; 379
905; 380
906; 380
907; 380
908; 380
909; 380
910; 381
911; 381
912; 381
913; 381
914; 381
915; 382
916; 382
917; 382
918; 382
919; 382
920; 383
921; 383
922; 383
923; 383
924; 383
925; 384
926; 384
927; 384
928; 384
929; 384
930; 385
931; 385
932; 385
933; 385
934; 385
935; 386
936; 386
937; 386
938; 386
939; 386
940; 387
941; 387
942; 387
943; 387
944; 387
945; 388
946; 388
947; 388
948; 388
949; 388
950; 389
951; 389
952; 389
953; 389
954; 389
955; 390
956; 390
957; 390
958; 390
959; 390
960; 391
961; 391
962; 391
963; 391
964; 391
965; 392
966; 392
967; 392
968; 392
969; 392
970; 393
971; 393
972; 393
973; 393
974; 393
975; 394
976; 394
977; 394
978; 394
979; 394
980; 395
981; 395
982; 395
983; 395
984; 395
985; 396
986; 396
987; 396
988; 396
989; 396
990; 397
991; 397
992; 397
993; 397
994; 397
995; 398
996; 398
997; 398
998; 398
999; 398
1000; 399
1; 399
2; 399
3; 399
4; 399
5; 400
6; 400
7; 400
8; 400
9; 400
10; 401
11; 401
12; 401
13; 401
14; 401
15; 402
16; 402
17; 402
18; 402
19; 402
20; 403
21; 403
22; 403
23; 403
24; 403
25; 404
26; 404
27; 404
28; 404
29; 404
30; 405
31; 405
32; 405
33; 405
34; 405
35; 406
36; 406
37; 406
38; 406
39; 406
40; 407
41; 407
42; 407
43; 407
44; 407
45; 408
46; 408
47; 408
48; 408
49; 408
50; 409
51; 409
52; 409
53; 409
54; 409
55; 410
56; 410
57; 410
58; 410
59; 410
60; 411
61; 411
62; 411
63; 411
64; 411
65; 412
66; 412
67; 412
68; 412
69; 412
70; 413
71; 413
72; 413
73; 413
74; 413
75; 414
76; 414
77; 414
78; 414
79; 414
80; 415
81; 415
82; 415
83; 415
84; 415
85; 416
86; 416
87; 416
88; 416
89; 416
90; 417
91; 417
92; 417
93; 417
94; 417
95; 418
96; 418
97; 418
98; 418
99; 418
100; 419
101; 419
102; 419
103; 419
104; 419
105; 420
106; 420
107; 420
108; 420
109; 420
110; 421
111; 421
112; 421
113; 421
114; 421
115; 422
116; 422
117; 422
118; 422
119; 422
120; 423
121; 423
122; 423
123; 423
124; 423
125; 424
126; 424
127; 424
128; 424
129; 424
130; 425
131; 425
132; 425
133; 425
134; 425
135; 426
136; 426
137; 426
138; 426
139; 426
140; 427
141; 427
142; 427
143; 427
144; 427
145; 428
146; 428
147; 428
148; 428
149; 428
150; 429
151; 429
152; 429
153; 429
154; 429
155; 430
156; 430
157; 430
158; 430
159; 430
160; 431
161; 431
162; 431
163; 431
164; 431
165; 432
166; 432
167; 432
168; 432
169; 432
170; 433
171; 433
172; 433
173; 433
174; 433
175; 434
176; 434
177; 434
178; 434
179; 434
180; 435
181; 435
182; 435
183; 435
184; 435
185; 436
186; 436
187; 436
188; 436
189; 436
190; 437
191; 437
192; 437
193; 437
194; 437
195; 438
196; 438
197; 438
198; 438
199; 438
200; 439
201; 439
202; 439
203; 439
204; 439
205; 440
206; 440
207; 440
208; 440
209; 440
210; 441
211; 441
212; 441
213; 441
214; 441
215; 442
216; 442
217; 442
218; 442
219; 442
220; 443
221; 443
222; 443
223; 443
224; 443
225; 444
226; 444
227; 444
228; 444
229; 444
230; 445
231; 445
232; 445
233; 445
234; 445
235; 446
236; 446
237; 446
238; 446
239; 446
240; 447
241; 447
242; 447
243; 447
244; 447
245; 448
246; 448
247; 448
248; 448
249; 448
250; 449
251; 449
252; 449
253; 449
254; 449
255; 450
256; 450
257; 450
258; 450
259; 450
260; 451
261; 451
262; 451
263; 451
264; 451
265; 452
266; 452
267; 452
268; 452
269; 452
270; 453
271; 453
272; 453
273; 453
274; 453
275; 454
276; 454
277; 454
278; 454
279; 454
280; 455
281; 455
282; 455
283; 455
284; 455
285; 456
286; 456
287; 456
288; 456
289; 456
290; 457
291; 457
292; 457
293; 457
294; 457
295; 458
296; 458
297; 458
298; 458
299; 458
300; 459
301; 459
302; 459
303; 459
304; 459
305; 460
306; 460
307; 460
308; 460
309; 460
310; 461
311; 461
312; 461
313; 461
314; 461
315; 462
316; 462
317; 462
318; 462
319; 462
320; 463
321; 463
322; 463
323; 463
324; 463
325; 464
326; 464
327; 464
328; 464
329; 464
330; 465
331; 465
332; 465
333; 465
334; 465
335; 466
336; 466
337; 466
338; 466
339; 466
340; 467
341; 467
342; 467
343; 467
344; 467
345; 468
346; 468
347; 468
348; 468
349; 468
350; 469
351; 469
352; 469
353; 469
354; 469
355; 470
356; 470
357; 470
358; 470
359; 470
360; 471
361; 471
362; 471
363; 471
364; 471
365; 472
366; 472
367; 472
368; 472
369; 472
370; 473
371; 473
372; 473
373; 473
374; 473
375; 474
376; 474
377; 474
378; 474
379; 474
380; 475
381; 475
382; 475
383; 475
384; 475
385; 476
386; 476
387; 476
388; 476
389; 476
390; 477
391; 477
392; 477
393; 477
394; 477
395; 478
396; 478
397; 478
398; 478
399; 478
400; 479
401; 479
402; 479
403; 479
404; 479
405; 480
406; 480
407; 480
408; 480
409; 480
410; 481
411; 481
412; 481
413; 481
414; 481
415; 482
416; 482
417; 482
418; 482
419; 482
420; 483
421; 483
422; 483
423; 483
424; 483
425; 484
426; 484
427; 484
428; 484
429; 484
430; 485
431; 485
432; 485
433; 485
434; 485
435; 486
436; 486
437; 486
438; 486
439; 486
440; 487
441; 487
442; 487
443; 487
444; 487
445; 488
446; 488
447; 488
448; 488
449; 488
450; 489
451; 489
452; 489
453; 489
454; 489
455; 490
456; 490
457; 490
458; 490
459; 490
460; 491
461; 491
462; 491
463; 491
464; 491
465; 492
466; 492
467; 492
468; 492
469; 492
470; 493
471; 493
472; 493
473; 493
474; 493
475; 494
476; 494
477; 494
478; 494
479; 494
480; 495
481; 495
482; 495
483; 495
484; 495
485; 496
486; 496
487; 496
488; 496
489; 496
490; 497
491; 497
492; 497
493; 497
494; 497
495; 498
496; 498
497; 498
498; 498
499; 498
500; 499
1; 499
2; 499
3; 499
4; 499
5; 500
6; 500
7; 500
8; 500
9; 500
10; 501
11; 501
12; 501
13; 501
14; 501
15; 502
16; 502
17; 502
18; 502
19; 502
20; 503
21; 503
22; 503
23; 503
24; 503
25; 504
26; 504
27; 504
28; 504
29; 504
30; 505
31; 505
32; 505
33; 505
34; 505
35; 506
36; 506
37; 506
38; 506
39; 506
40; 507
41; 507
42; 507
43; 507
44; 507
45; 508
46; 508
47; 508
48; 508
49; 508
50; 509
51; 509
52; 509
53; 509
54; 509
55; 510
56; 510
57; 510
58; 510
59; 510
60; 511
61; 511
62; 511
63; 511
64; 511
65; 512
66; 512
67; 512
68; 512
69; 512
70; 513
71; 513
72; 513
73; 513
74; 513
75; 514
76; 514
77; 514
78; 514
79; 514
80; 515
81; 515
82; 515
83; 515
84; 515
85; 516
86; 516
87; 516
88; 516
89; 516
90; 517
91; 517
92; 517
93; 517
94; 517
95; 518
96; 518
97; 518
98; 518
99; 518
100; 519
101; 519
102; 519
103; 519
104; 519
105; 520
106; 520
107; 520
108; 520
109; 520
110; 521
111; 521
112; 521
113; 521
114; 521
115; 522
116; 522
117; 522
118; 522
119; 522
120; 523
121; 523
122; 523
123; 523
124; 523
125; 524
126; 524
127; 524
128; 524
129; 524
130; 525
131; 525
132; 525
133; 525
134; 525
135; 526
136; 526
137; 526
138; 526
139; 526
140; 527
141; 527
142; 527
143; 527
144; 527
145; 528
146; 528
147; 528
148; 528
149; 528
150; 529
151; 529
152; 529
153; 529
154; 529
155; 530
156; 530
157; 530
158; 530
159; 530
160; 531
161; 531
162; 531
163; 531
164; 531
165; 532
166; 532
167; 532
168; 532
169; 532
170; 533
171; 533
172; 533
173; 533
174; 533
175; 534
176; 534
177; 534
178; 534
179; 534
180; 535
181; 535
182; 535
183; 535
184; 535
185; 536
186; 536
187; 536
188; 536
189; 536
190; 537
191; 537
192; 537
193; 537
194; 537
195; 538
196; 538
197; 538
198; 538
199; 538
200; 539
201; 539
202; 539
203; 539
204; 539
205; 540
206; 540
207; 540
208; 540
209; 540
210; 541
211; 541
212; 541
213; 541
214; 541
215; 542
216; 542
217; 542
218; 542
219; 542
220; 543
221; 543
222; 543
223; 543
224; 543
225; 544
226; 544
227; 544
228; 544
229; 544
230; 545
231; 545
232; 545
233; 545
234; 545
235; 546
236; 546
237; 546
238; 546
239; 546
240; 547
241; 547
242; 547
243; 547
244; 547
245; 548
246; 548
247; 548
248; 548
249; 548
250; 549
251; 549
252; 549
253; 549
254; 549
255; 550
256; 550
257; 550
258; 550
259; 550
260; 551
261; 551
262; 551
263; 551
264; 551
265; 552
266; 552
267; 552
268; 552
269; 552
270; 553
271; 553
272; 553
273; 553
274; 553
275; 554
276; 554
277; 554
278; 554
279; 554
280; 555
281; 555
282; 555
283; 555
284; 555
285; 556
286; 556
287; 556
288; 556
289; 556
290; 557
291; 557
292; 557
293; 557
294; 557
295; 558
296; 558
297; 558
298; 558
299; 558
300; 559
301; 559
302; 559
303; 559
304; 559
305; 560
306; 560
307; 560
308; 560
309; 560
310; 561
311; 561
312; 561
313; 561
314; 561
315; 562
316; 562
317; 562
318; 562
319; 562
320; 563
321; 563
322; 563
323; 563
324; 563
325; 564
326; 564
327; 564
328; 564
329; 564
330; 565
331; 565
332; 565
333; 565
334; 565
335; 566
336; 566
337; 566
338; 566
339; 566
340; 567
341; 567
342; 567
343; 567
344; 567
345; 568
346; 568
347; 568
348; 568
349; 568
350; 569
351; 569
352; 569
353; 569
354; 569
355; 570
356; 570
357; 570
358; 570
359; 570
360; 571
361; 571
362; 571
363; 571
364; 571
365; 572
366; 572
367; 572
368; 572
369; 572
370; 573
371; 573
372; 573
373; 573
374; 573
375; 574
376; 574
377; 574
378; 574
379; 574
380; 575
381; 575
382; 575
383; 575
384; 575
385; 576
386; 576
387; 576
388; 576
389; 576
390; 577
391; 577
392; 577
393; 577
394; 577
395; 578
396; 578
397; 578
398; 578
399; 578
400; 579
401; 579
402; 579
403; 579
404; 579
405; 580
406; 580
407; 580
408; 580
409; 580
410; 581
411; 581
412; 581
413; 581
414; 581
415; 582
416; 582
417; 582
418; 582
419; 582
420; 583
421; 583
422; 583
423; 583
424; 583
425; 584
426; 584
427; 584
428; 584
429; 584
430; 585
431; 585
432; 585
433; 585
434; 585
435; 586
436; 586
437; 586
438; 586
439; 586
440; 587
441; 587
442; 587
443; 587
444; 587
445; 588
446; 588
447; 588
448; 588
449; 588
450; 589
451; 589
452; 589
453; 589
454; 589
455; 590
456; 590
457; 590
458; 590
459; 590
460; 591
461; 591
462; 591
463; 591
464; 591
465; 592
466; 592
467; 592
468; 592
469; 592
470; 593
471; 593
472; 593
473; 593
474; 593
475; 594
476; 594
477; 594
478; 594
479; 594
480; 595
481; 595
482; 595
483; 595
484; 595
485; 596
486; 596
487; 596
488; 596
489; 596
490; 597
491; 597
492; 597
493; 597
494; 597
495; 598
496; 598
497; 598
498; 598
499; 598
500; 599
501; 599
502; 599
503; 599
504; 599
505; 600
506; 600
507; 600
508; 600
509; 600
510; 601
511; 601
512; 601
513; 601
514; 601
515; 602
516; 602
517; 602
518; 602
519; 602
520; 603
521; 603
522; 603
523; 603
524; 603
525; 604
526; 604
527; 604
528; 604
529; 604
530; 605
531; 605
532; 605
533; 605
534; 605
535; 606
536; 606
537; 606
538; 606
539; 606
540; 607
541; 607
542; 607
543; 607
544; 607
545; 608
546; 608
547; 608
548; 608
549; 608
550; 609
551; 609
552; 609
553; 609
554; 609
555; 610
556; 610
557; 610
558; 610
559; 610
560; 611
561; 611
562; 611
563; 611
564; 611
565; 612
566; 612
567; 612
568; 612
569; 612
570; 613
571; 613
572; 613
573; 613
574; 613
575; 614
576; 614
577; 614
578; 614
579; 614
580; 615
581; 615
582; 615
583; 615
584; 615
585; 616
586; 616
587; 616
588; 616
589; 616
590; 617
591; 617
592; 617
593; 617
594; 617
595; 618
596; 618
597; 618
598; 618
599; 618
600; 619
601; 619
602; 619
603; 619
604; 619
605; 620
606; 620
607; 620
608; 620
609; 620
610; 621
611; 621
612; 621
613; 621
614; 621
615; 622
616; 622
617; 622
618; 622
619; 622
620; 623
621; 623
622; 623
623; 623
624; 623
625; 624
626; 624
627; 624
628; 624
629; 624
630; 625
631; 625
632; 625
633; 625
634; 625
635; 626
636; 626
637; 626
638; 626
639; 626
640; 627
641; 627
642; 627
643; 627
644; 627
645; 628
646; 628
647; 628
648; 628
649; 628
650; 629
651; 629
652; 629
653; 629
654; 629
655; 630
656; 630
657; 630
658; 630
659; 630
660; 631
661; 631
662; 631
663; 631
664; 631
665; 632
666; 632
667; 632
668; 632
669; 632
670; 633
671; 633
672; 633
673; 633
674; 633
675; 634
676; 634
677; 634
678; 634
679; 634
680; 635
681; 635
682; 635
683; 635
684; 635
685; 636
686; 636
687; 636
688; 636
689; 636
690; 637
691; 637
692; 637
693; 637
694; 637
695; 638
696; 638
697; 638
698; 638
699; 638
700; 639
701; 639
702; 639
703; 639
704; 639
705; 640
706; 640
707; 640
708; 640
709; 640
710; 641
711; 641
712; 641
713; 641
714; 641
715; 642
716; 642
717; 642
718; 642
719; 642
720; 643
721; 643
722; 643
723; 643
724; 643
725; 644
726; 644
727; 644
728; 644
729; 644
730; 645
731; 645
732; 645
733; 645
734; 645
735; 646
736; 646
737; 646
738; 646
739; 646
740; 647
741; 647
742; 647
743; 647
744; 647
745; 648
746; 648
747; 648
748; 648
749; 648
750; 649
751; 649
752; 649
753; 649
754; 649
755; 650
756; 650
757; 650
758; 650
759; 650
760; 651
761; 651
762; 651
763; 651
764; 651
765; 652
766; 652
767; 652
768; 652
769; 652
770; 653
771; 653
772; 653
773; 653
774; 653
775; 654
776; 654
777; 654
778; 654
779; 654
780; 655
781; 655
782; 655
783; 655
784; 655
785; 656
786; 656
787; 656
788; 656
789; 656
790; 657
791; 657
792; 657
793; 657
794; 657
795; 658
796; 658
797; 658
798; 658
799; 658
800; 659
801; 659
802; 659
803; 659
804; 659
805; 660
806; 660
807; 660
808; 660
809; 660
810; 661
811; 661
812; 661
813; 661
814; 661
815; 662
816; 662
817; 662
818; 662
819; 662
820; 663
821; 663
822; 663
823; 663
824; 663
825; 664
826; 664
827; 664
828; 664
829; 664
830; 665
831; 665
832; 665
833; 665
834; 665
835; 666
836; 666
837; 666
838; 666
839; 666
840; 667
841; 667
842; 667
843; 667
844; 667
845; 668
846; 668
847; 668
848; 668
849; 668
850; 669
851; 669
852; 669
853; 669
854; 669
855; 670
856; 670
857; 670
858; 670
859; 670
860; 671
861; 671
862; 671
863; 671
864; 671
865; 672
866; 672
867; 672
868; 672
869; 672
870; 673
871; 673
872; 673
873; 673
874; 673
875; 674
876; 674
877; 674
878; 674
879; 674
880; 675
881; 675
882; 675
883; 675
884; 675
885; 676
886; 676
887; 676
888; 676
889; 676
890; 677
891; 677
892; 677
893; 677
894; 677
895; 678
896; 678
897; 678
898; 678
899; 678
900; 679
901; 679
902; 679
903; 679
904; 679
905; 680
906; 680
907; 680
908; 680
909; 680
910; 681
911; 681
912; 681
913; 681
914; 681
915; 682
916; 682
917; 682
918; 682
919; 682
920; 683
921; 683
922; 683
923; 683
924; 683
925; 684
926; 684
927; 684
928; 684
929; 684
930; 685
931; 685
932; 685
933; 685
934; 685
935; 686
936; 686
937; 686
938; 686
939; 686
940; 687
941; 687
942; 687
943; 687
944; 687
945; 688
946; 688
947; 688
948; 688
949; 688
950; 689
951; 689
952; 689
953; 689
954; 689
955; 690
956; 690
957; 690
958; 690
959; 690
960; 691
961; 691
962; 691
963; 691
964; 691
965; 692
966; 692
967; 692
968; 692
969; 692
970; 693
971; 693
972; 693
973; 693
974; 693
975; 694
976; 694
977; 694
978; 694
979; 694
980; 695
981; 695
982; 695
983; 695
984; 695
985; 696
986; 696
987; 696
988; 696
989; 696
990; 697
991; 697
992; 697
993; 697
994; 697
995; 698
996; 698
997; 698
998; 698
999; 698
1000; 699
1; 699
2; 699
3; 699
4; 699
5; 700
6; 700
7; 700
8; 700
9; 700
10; 701
11; 701
12; 701
13; 701
14; 701
15; 702
16; 702
17; 702
18; 702
19; 702
20; 703
21; 703
22; 703
23; 703
24; 703
25; 704
26; 704
27; 704
28; 704
29; 704
30; 705
31; 705
32; 705
33; 705
34; 705
35; 706
36; 706
37; 706
38; 706
39; 706
40; 707
41; 707
42; 707
43; 707
44; 707
45; 708
46; 708
47; 708
48; 708
49; 708
50; 709
51; 709
52; 709
53; 709
54; 709
55; 710
56; 710
57; 710
58; 710
59; 710
60; 711
61; 711
62; 711
63; 711
64; 711
65; 712
66; 712
67; 712
68; 712
69; 712
70; 713
71; 713
72; 713
73; 713
74; 713
75; 714
76; 714
77; 714
78; 714
79; 714
80; 715
81; 715
82; 715
83; 715
84; 715
85; 716
86; 716
87; 716
88; 716
89; 716
90; 717
91; 717
92; 717
93; 717
94; 717
95; 718
96; 718
97; 718
98; 718
99; 718
100; 719
101; 719
102; 719
103; 719
104; 719
105; 720
106; 720
107; 720
108; 720
109; 720
110; 721
111; 721
112; 721
113; 721
114; 721
115; 722
116; 722
117; 722
118; 722
119; 722
120; 723
121; 723
122; 723
123; 723
124; 723
125; 724
126; 724
127; 724
128; 724
129; 724
130; 725
131; 725
132; 725
133; 725
134; 725
135; 726
136; 726
137; 726
138; 726
139; 726
140; 727
141; 727
142; 727
143; 727
144; 727
145; 728
146; 728
147; 728
148; 728
149; 728
150; 729
151; 729
152; 729
153; 729
154; 729
155; 730
156; 730
157; 730
158; 730
159; 730
160; 731
161; 731
162; 731
163; 731
164; 731
165; 732
166; 732
167; 732
168; 732
169; 732
170; 733
171; 733
172; 733
173; 733
174; 733
175; 734
176; 734
177; 734
178; 734
179; 734
180; 735
181; 735
182; 735
183; 735
184; 735
185; 736
186; 736
187; 736
188; 736
189; 736
190; 737
191; 737
192; 737
193; 737
194; 737
195; 738
196; 738
197; 738
198; 738
199; 738
200; 739
201; 739
202; 739
203; 739
204; 739
205; 740
206; 740
207; 740
208; 740
209; 740
210; 741
211; 741
212; 741
213; 741
214; 741
215; 742
216; 742
217; 742
218; 742
219; 742
220; 743
221; 743
222; 743
223; 743
224; 743
225; 744
226; 744
227; 744
228; 744
229; 744
230; 745
231; 745
232; 745
233; 745
234; 745
235; 746
236; 746
237; 746
238; 746
239; 746
240; 747
241; 747
242; 747
243; 747
244; 747
245; 748
246; 748
247; 748
248; 748
249; 748
250; 749
251; 749
252; 749
253; 749
254; 749
255; 750
256; 750
257; 750
258; 750
259; 750
260; 751
261; 751
262; 751
263; 751
264; 751
265; 752
266; 752
267; 752
268; 752
269; 752
270; 753
271; 753
272; 753
273; 753
274; 753
275; 754
276; 754
277; 754
278; 754
279; 754
280; 755
281; 755
282; 755
283; 755
284; 755
285; 756
286; 756
287; 756
288; 756
289; 756
290; 757
291; 757
292; 757
293; 757
294; 757
295; 758
296; 758
297; 758
298; 758
299; 758
300; 759
301; 759
302; 759
303; 759
304; 759
305; 760
306; 760
307; 760
308; 760
309; 760
310; 761
311; 761
312; 761
313; 761
314; 761
315; 762
316; 762
317; 762
318; 762
319; 762
320; 763
321; 763
322; 763
323; 763
324; 763
325; 764
326; 764
327; 764
328; 764
329; 764
330; 765
331; 765
332; 765
333; 765
334; 765
335; 766
336; 766
337; 766
338; 766
339; 766
340; 767
341; 767
342; 767
343; 767
344; 767
345; 768
346; 768
347; 768
348; 768
349; 768
350; 769
351; 769
352; 769
353; 769
354; 769
355; 770
356; 770
357; 770
358; 770
359; 770
360; 771
361; 771
362; 771
363; 771
364; 771
365; 772
366; 772
367; 772
368; 772
369; 772
370; 773
371; 773
372; 773
373; 773
374; 773
375; 774
376; 774
377; 774
378; 774
379; 774
380; 775
381; 775
382; 775
383; 775
384; 775
385; 776
386; 776
387; 776
388; 776
389; 776
390; 777
391; 777
392; 777
393; 777
394; 777
395; 778
396; 778
397; 778
398; 778
399; 778
400; 779
401; 779
402; 779
403; 779
404; 779
405; 780
406; 780
407; 780
408; 780
409; 780
410; 781
411; 781
412; 781
413; 781
414; 781
415; 782
416; 782
417; 782
418; 782
419; 782
420; 783
421; 783
422; 783
423; 783
424; 783
425; 784
426; 784
427; 784
428; 784
429; 784
430; 785
431; 785
432; 785
433; 785
434; 785
435; 786
436; 786
437; 786
438; 786
439; 786
440; 787
441; 787
442; 787
443; 787
444; 787
445; 788
446; 788
447; 788
448; 788
449; 788
450; 789
451; 789
452; 789
453; 789
454; 789
455; 790
456; 790
457; 790
458; 790
459; 790
460; 791
461; 791
462; 791
463; 791
464; 791
465; 792
466; 792
467; 792
468; 792
469; 792
470; 793
471; 793
472; 793
473; 793
474; 793
475; 794
476; 794
477; 794
478; 794
479; 794
480; 795
481; 795
482; 795
483; 795
484; 795
485; 796
486; 796
487; 796
488; 796
489; 796
490; 797
491; 797
492; 797
493; 797
494; 797
495; 798
496; 798
497; 798
498; 798
499; 798
500; 799
501; 799
502; 799
503; 799
504; 799
505; 800
506; 800
507; 800
508; 800
509; 800
510; 801
511; 801
512; 801
513; 801
514; 801
515; 802
516; 802
517; 802
518; 802
519; 802
520; 803
521; 803
522; 803
523; 803
524; 803
525; 804
526; 804
527; 804
528; 804
529; 804
530; 805
531; 805
532; 805
533; 805
534; 805
535; 806
536; 806
537; 806
538; 806
539; 806
540; 807
541; 807
542; 807
543; 807
544; 807
545; 808
546; 808
547; 808
548; 808
549; 808
550; 809
551; 809
552; 809
553; 809
554; 809
555; 810
556; 810
557; 810
558; 810
559; 810
560; 811
561; 811
562; 811
563; 811
564; 811
565; 812
566; 812
567; 812
568; 812
569; 812
570; 813
571; 813
572; 813
573; 813
574; 813
575; 814
576; 814
577; 814
578; 814
579; 814
580; 815
581; 815
582; 815
583; 815
584; 815
585; 816
586; 816
587; 816
588; 816
589; 816
590; 817
591; 817
592; 817
593; 817
594; 817
595; 818
596; 818
597; 818
598; 818
599; 818
600; 819
601; 819
602; 819
603; 819
604; 819
605; 820
606; 820
607; 820
608; 820
609; 820
610; 821
611; 821
612; 821
613; 821
614; 821
615; 822
616; 822
617; 822
618; 822
619; 822
620; 823
621; 823
622; 823
623; 823
624; 823
625; 824
626; 824
627; 824
628; 824
629; 824
630; 825
631; 825
632; 825
633; 825
634; 825
635; 826
636; 826
637; 826
638; 826
639; 826
640; 827
641; 827
642; 827
643; 827
644; 827
645; 828
646; 828
647; 828
648; 828
649; 828
650; 829
651; 829
652; 829
653; 829
654; 829
655; 830
656; 830
657; 830
658; 830
659; 830
660; 831
661; 831
662; 831
663; 831
664; 831
665; 832
666; 832
667; 832
668; 832
669; 832
670; 833
671; 833
672; 833
673; 833
674; 833
675; 834
676; 834
677; 834
678; 834
679; 834
680; 835
681; 835
682; 835
683; 835
684; 835
685; 836
686; 836
687; 836
688; 836
689; 836
690; 837
691; 837
692; 837
693; 837
694; 837
695; 838
696; 838
697; 838
698; 838
699; 838
700; 839
701; 839
702; 839
703; 839
704; 839
705; 840
706; 840
707; 840
708; 840
709; 840
710; 841
711; 841
712; 841
713; 841
714; 841
715; 842
716; 842
717; 842
718; 842
719; 842
720; 843
721; 843
722; 843
723; 843
724; 843
725; 844
726; 844
727; 844
728; 844
729; 844
730; 845
731; 845
732; 845
733; 845
734; 845
735; 846
736; 846
737; 846
738; 846
739; 846
740; 847
741; 847
742; 847
743; 847
744; 847
745; 848
746; 848
747; 848
748; 848
749; 848
750; 849
751; 849
752; 849
753; 849
754; 849
755; 850
756; 850
757; 850
758; 850
759; 850
760; 851
761; 851
762; 851
763; 851
764; 851
765; 852
766; 852
767; 852
768; 852
769; 852
770; 853
771; 853
772; 853
773; 853
774; 853
775; 854
776; 854
777; 854
778; 854
779; 854
780; 855
781; 855
782; 855
783; 855
784; 855
785; 856
786; 856
787; 856
788; 856
789; 856
790; 857
791; 857
792; 857
793; 857
794; 857
795; 858
796; 858
797; 858
798; 858
799; 858
800; 859
1; 859
2; 859
3; 859
4; 859
5; 860
6; 860
7; 860
8; 860
9; 860
10; 861
11; 861
12; 861
13; 861
14; 861
15; 862
16; 862
17; 862
18; 862
19; 862
20; 863
21; 863
22; 863
23; 863
24; 863
25; 864
26; 864
27; 864
28; 864
29; 864
30; 865
31; 865
32; 865
33; 865
34; 865
35; 866
36; 866
37; 866
38; 866
39; 866
40; 867
41; 867
42; 867
43; 867
44; 867
45; 868
46; 868
47; 868
48; 868
49; 868
50; 869
51; 869
52; 869
53; 869
54; 869
55; 870
56; 870
57; 870
58; 870
59; 870
60; 871
61; 871
62; 871
63; 871
64; 871
65; 872
66; 872
67; 872
68; 872
69; 872
70; 873
71; 873
72; 873
73; 873
74; 873
75; 874
76; 874
77; 874
78; 874
79; 874
80; 875
81; 875
82; 875
83; 875
84; 875
85; 876
86; 876
87; 876
88; 876
89; 876
90; 877
91; 877
92; 877
93; 877
94; 877
95; 878
96; 878
97; 878
98; 878
99; 878
100; 879
101; 879
102; 879
103; 879
104; 879
105; 880
106; 880
107; 880
108; 880
109; 880
110; 881
111; 881
112; 881
113; 881
114; 881
115; 882
116; 882
117; 882
118; 882
119; 882
120; 883
121; 883
122; 883
123; 883
124; 883
125; 884
126; 884
127; 884
128; 884
129; 884
130; 885
131; 885
132; 885
133; 885
134; 885
135; 886
136; 886
137; 886
138; 886
139; 886
140; 887
141; 887
142; 887
143; 887
144; 887
145; 888
146; 888
147; 888
148; 888
149; 888
150; 889
151; 889
152; 889
153; 889
154; 889
155; 890
156; 890
157; 890
158; 890
159; 890
160; 891
161; 891
162; 891
163; 891
164; 891
165; 892
166; 892
167; 892
168; 892
169; 892
170; 893
171; 893
172; 893
173; 893
174; 893
175; 894
176; 894
177; 894
178; 894
179; 894
180; 895
181; 895
182; 895
183; 895
184; 895
185; 896
186; 896
187; 896
188; 896
189; 896
190; 897
191; 897
192; 897
193; 897
194; 897
195; 898
196; 898
197; 898
198; 898
199; 898
200; 899
201; 899
202; 899
203; 899
204; 899
205; 900
206; 900
207; 900
208; 900
209; 900
210; 901
211; 901
212; 901
213; 901
214; 901
215; 902
216; 902
217; 902
218; 902
219; 902
220; 903
221; 903
222; 903
223; 903
224; 903
225; 904
226; 904
227; 904
228; 904
229; 904
230; 905
231; 905
232; 905
233; 905
234; 905
235; 906
236; 906
237; 906
238; 906
239; 906
240; 907
241; 907
242; 907
243; 907
244; 907
245; 908
246; 908
247; 908
248; 908
249; 908
250; 909
251; 909
252; 909
253; 909
254; 909
255; 910
256; 910
257; 910
258; 910
259; 910
260; 911
261; 911
262; 911
263; 911
264; 911
265; 912
266; 912
267; 912
268; 912
269; 912
270; 913
271; 913
272; 913
273; 913
274; 913
275; 914
276; 914
277; 914
278; 914
279; 914
280; 915
281; 915
282; 915
283; 915
284; 915
285; 916
286; 916
287; 916
288; 916
289; 916
290; 917
291; 917
292; 917
293; 917
294; 917
295; 918
296; 918
297; 918
298; 918
299; 918
300; 919
301; 919
302; 919
303; 919
304; 919
305; 920
306; 920
307; 920
308; 920
309; 920
310; 921
311; 921
312; 921
313; 921
314; 921
315; 922
316; 922
317; 922
318; 922
319; 922
320; 923
321; 923
322; 923
323; 923
324; 923
325; 924
326; 924
327; 924
328; 924
329; 924
330; 925
331; 925
332; 925
333; 925
334; 925
335; 926
336; 926
337; 926
338; 926
339; 926
340; 927
341; 927
342; 927
343; 927
344; 927
345; 928
346; 928
347; 928
348; 928
349; 928
350; 929
351; 929
352; 929
353; 929
354; 929
355; 930
356; 930
357; 930
358; 930
359; 930
360; 931
361; 931
362; 931
363; 931
364; 931
365; 932
366; 932
367; 932
368; 932
369; 932
370; 933
371; 933
372; 933
373; 933
374; 933
375; 934
376; 934
377; 934
378; 934
379; 934
380; 935
381; 935
382; 935
383; 935
384; 935
385; 936
386; 936
387; 936
388; 936
389; 936
390; 937
391; 937
392; 937
393; 937
394; 937
395; 938
396; 938
397; 938
398; 938
399; 938
400; 939
401; 939
402; 939
403; 939
404; 939
405; 940
406; 940
407; 940
408; 940
409; 940
410; 941
411; 941
412; 941
413; 941
414; 941
415; 942
416; 942
417; 942
418; 942
419; 942
420; 943
421; 943
422; 943
423; 943
424; 943
425; 944
426; 944
427; 944
428; 944
429; 944
430; 945
431; 945
432; 945
433; 945
434; 945
435; 946
436; 946
437; 946
438; 946
439; 946
440; 947
441; 947
442; 947
443; 947
444; 947
445; 948
446; 948
447; 948
448; 948
449; 948
450; 949
451; 949
452; 949
453; 949
454; 949
455; 950
456; 950
457; 950
458; 950
459; 950
460; 951
461; 951
462; 951
463; 951
464; 951
465; 952
466; 952
467; 952
468; 952
469; 952
470; 953
471; 953
472; 953
473; 953
474; 953
475; 954
476; 954
477; 954
478; 954
479; 954
480; 955
481; 955
482; 955
483; 955
484; 955
485; 956
486; 956
487; 956
488; 956
489; 956
490; 957
491; 957
492; 957
493; 957
494; 957
495; 958
496; 958
497; 958
498; 958
499; 958
500; 959
501; 959
502; 959
503; 959
504; 959
505; 960
506; 960
507; 960
508; 960
509; 960
510; 961
511; 961
512; 961
513; 961
514; 961
515; 962
516; 962
517; 962
518; 962
519; 962
520; 963
521; 963
522; 963
523; 963
524; 963
525; 964
526; 964
527; 964
528; 964
529; 964
530; 965
531; 965
532; 965
533; 965
534; 965
535; 966
536; 966
537; 966
538; 966
539; 966
540; 967
541; 967
542; 967
543; 967
544; 967
545; 968
546; 968
547; 968
548; 968
549; 968
550; 969
551; 969
552; 969
553; 969
554; 969
555; 970
556; 970
557; 970
558; 970
559; 970
560; 971
561; 971
562; 971
563; 971
564; 971
565; 972
566; 972
567; 972
568; 972
569; 972
570; 973
571; 973
572; 973
573; 973
574; 973
575; 974
576; 974
577; 974
578; 974
579; 974
580; 975
581; 975
582; 975
583; 975
584; 975
585; 976
586; 976
587; 976
588; 976
589; 976
590; 977
591; 977
592; 977
593; 977
594; 977
595; 978
596; 978
597; 978
598; 978
599; 978
600; 979
601; 979
602; 979
603; 979
604; 979
605; 980
606; 980
607; 980
608; 980
609; 980
610; 981
611; 981
612; 981
613; 981
614; 981
615; 982
616; 982
617; 982
618; 982
619; 982
620; 983
621; 983
622; 983
623; 983
624; 983
625; 984
626; 984
627; 984
628; 984
629; 984
630; 985
631; 985
632; 985
633; 985
634; 985
635; 986
636; 986
637; 986
638; 986
639; 986
640; 987
641; 987
642; 987
643; 987
644; 987
645; 988
646; 988
647; 988
648; 988
649; 988
650; 989
651; 989
652; 989
653; 989
654; 989
655; 990
656; 990
657; 990
658; 990
659; 990
660; 991
661; 991
662; 991
663; 991
664; 991
665; 992
666; 992
667; 992
668; 992
669; 992
670; 993
671; 993
672; 993
673; 993
674; 993
675; 994
676; 994
677; 994
678; 994
679; 994
680; 995
681; 995
682; 995
683; 995
684; 995
685; 996
686; 996
687; 996
688; 996
689; 996
690; 997
691; 997
692; 997
693; 997
694; 997
695; 998
696; 998
697; 998
698; 998
699; 998
700; 999
701; 999
702; 999
703; 999
704; 999
705; 1000
706; 1000
707; 1000
708; 1000
709; 1000